source_id,target_id
1,13
1,11
1,6
1,3
1,4
1,5
1,15
1,14
1,7
1,8
1,12
1,9
1,10
1,16
2,1
2,18
2,19
2,20
2,21
2,22
2,23
2,24
2,25
2,26
2,27
2,28
2,29
2,30
2,31
2,32
2,33
2,34
2,35
2,36
2,37
2,38
2,39
2,40
2,41
2,42
2,43
2,44
2,45
2,46
2,47
2,48
2,49
2,50
2,51
2,52
2,53
2,54
2,55
2,56
2,57
2,58
2,16
2,59
2,60
2,61
2,62
2,63
2,64
2,65
2,66
2,67
2,68
2,69
2,70
2,71
2,72
2,73
2,74
2,75
2,76
2,77
2,78
2,79
2,80
2,81
2,82
2,83
2,84
2,85
2,86
2,87
2,88
2,89
2,90
2,91
2,92
2,93
2,94
2,95
2,96
2,97
2,98
2,99
2,100
2,101
2,102
2,103
2,104
2,105
2,106
2,107
2,108
2,109
2,110
2,111
2,112
2,113
2,114
2,115
2,116
2,117
2,118
2,119
2,120
2,121
2,122
2,123
2,124
2,125
2,126
2,127
2,128
2,129
2,130
2,131
2,132
2,133
2,134
2,135
2,136
2,137
2,138
2,139
2,140
2,141
2,142
2,143
2,144
2,145
2,146
2,147
2,148
2,149
2,150
2,151
2,152
2,153
2,154
2,155
2,156
2,157
2,158
2,159
2,160
2,161
2,162
2,163
2,164
2,165
2,166
2,167
2,168
2,169
2,170
2,171
2,172
2,173
3,1
3,807726
3,1381344
4,1
5,1
5,178
5,175
5,179
5,180
5,182
5,183
5,174
5,184
5,185
5,181
5,176
5,187
5,188
6,1
6,48017
6,307866
6,320079
6,620900
7,1
7,225
7,217
7,206
7,203
7,207
7,194
7,208
7,204
7,202
7,193
7,201
7,211
7,221
7,21
7,90
7,13
7,227
7,191
7,200
7,199
7,198
7,205
7,219
7,212
7,220
7,192
7,218
7,213
7,210
7,209
7,228
7,224
7,222
7,229
7,230
7,231
7,226
7,214
7,232
7,233
7,234
7,235
7,236
8,1
8,247089
8,869832
8,880477
9,1
9,350
9,371
9,373
9,5056
9,6899
9,7145
9,7839
9,10739
9,13411
9,17818
9,18132
9,74533
9,104743
9,121505
9,139927
9,147289
9,150049
9,153188
9,153189
9,153181
9,153250
9,154989
9,154991
9,156756
9,161175
9,162067
9,220348
9,268609
9,268618
9,655717
9,863419
9,882339
9,1013673
9,1473438
10,1
10,286
10,288
10,285
10,33
10,241
10,282
10,283
10,238
10,190
10,242
10,268
10,269
10,253
10,261
10,290
10,60
10,251
10,249
10,250
10,247
10,244
10,248
10,245
10,260
10,277
10,264
10,258
10,294
10,295
10,265
10,275
10,267
10,262
10,62
10,293
10,266
10,291
10,271
10,272
10,284
10,259
10,254
10,273
10,257
10,279
10,263
10,274
10,255
10,270
10,280
10,278
10,134
10,276
10,208
10,296
10,297
10,298
10,299
10,300
10,301
10,302
10,303
10,304
10,305
10,236
11,1
11,310
11,309
11,308
11,313
11,316
11,333
11,331
11,319
11,322
11,320
11,307
11,221
11,332
11,306
11,315
11,314
11,324
11,323
11,336
11,334
11,335
11,321
11,327
11,213
11,330
11,326
11,325
11,318
11,328
11,317
11,338
11,337
11,311
11,339
11,312
11,340
11,341
11,342
11,343
11,344
11,345
11,346
11,347
11,348
12,1
12,349
12,350
12,351
12,352
12,353
12,354
12,355
12,356
12,357
12,358
12,359
12,360
12,361
12,362
12,363
12,364
12,365
12,366
12,367
12,368
12,369
12,370
12,371
12,372
12,373
12,374
12,375
12,376
12,377
12,378
12,379
12,380
12,381
12,382
12,383
12,384
12,385
12,386
12,387
12,388
12,389
13,1
13,7
13,392
13,407
13,408
13,396
13,397
13,398
13,411
13,399
13,412
13,402
13,403
13,404
13,413
13,405
13,9090
13,10150
13,159316
14,1
14,350
14,371
14,373
14,5056
14,7714
14,9814
14,18125
14,18132
14,99843
14,122795
14,138783
14,184377
14,219725
14,237918
14,516321
14,646203
14,1482970
15,1
15,11148
15,223368
15,260178
16,2
16,423
16,424
16,425
16,426
16,427
16,428
17,10
17,435
17,436
17,437
17,438
17,439
17,261
17,440
17,441
17,442
17,443
17,444
17,445
17,446
17,447
18,451
18,46
18,40
18,461
18,91
18,2
18,22
18,43
18,416
18,462
18,450
18,455
18,106
18,459
18,460
18,465
18,92
18,463
18,29
18,464
18,448
18,453
18,452
18,163
18,456
18,57
18,56
18,54
18,466
18,124
18,155
18,139
18,153
18,159
18,162
18,467
18,468
18,469
19,542
19,576
19,57
19,634
19,503
19,499
19,629
19,610
19,630
19,616
19,568
19,553
19,571
19,622
19,618
19,577
19,578
19,549
19,60
19,575
19,520
19,591
19,570
19,515
19,556
19,579
19,550
19,163
19,547
19,584
19,509
19,495
19,545
19,489
19,609
19,564
19,516
19,513
19,524
19,539
19,605
19,631
19,506
19,632
19,626
19,492
19,511
19,615
19,544
19,546
19,624
19,574
19,534
19,517
19,522
19,561
19,2
19,501
19,613
19,602
19,604
19,543
19,612
19,530
19,519
19,608
19,551
19,599
19,488
19,487
19,623
19,560
19,589
19,497
19,633
19,583
19,596
19,587
19,586
19,555
19,529
19,475
19,606
19,533
19,620
19,603
19,493
19,531
19,535
19,557
19,627
19,628
19,635
19,536
19,540
19,572
19,508
19,581
19,580
19,525
19,562
19,507
19,538
19,532
19,510
19,619
19,600
19,598
19,521
19,607
19,567
19,617
19,614
19,526
19,585
19,590
19,592
19,593
19,594
19,588
19,558
19,552
19,504
19,636
19,637
19,638
19,639
19,640
19,641
19,642
19,643
19,644
19,645
19,646
19,647
19,648
19,649
19,650
19,651
19,652
19,653
19,654
19,655
19,656
19,657
19,658
19,659
19,660
19,661
19,662
19,663
19,664
19,140
19,665
19,666
19,667
19,668
19,669
19,670
19,671
19,672
19,673
19,674
19,675
19,676
19,677
19,678
19,679
19,680
19,681
19,682
19,683
19,684
19,685
19,686
19,687
19,688
19,689
19,690
19,691
19,692
19,693
19,694
20,85
20,116
20,100
20,531
20,1353
20,1641
20,1441
20,1934
20,2560
20,5303
20,6558
20,6643
20,6714
20,27186
20,36416
20,57242
20,98523
21,7
21,40
21,173
21,288
21,99
21,208
21,283
21,60
21,1886
21,2930
21,2933
21,3188
21,190
21,195
21,5014
21,5843
21,6100
21,6481
21,7987
21,8093
21,8235
21,8645
21,10633
21,19931
21,19917
21,24996
21,26397
21,27010
21,38655
21,39322
21,39445
21,71780
21,182404
21,662125
22,18
22,29
22,62
22,47
22,64
22,65
22,94
22,56
22,172
22,155
22,132
22,142
22,156
22,89
22,73
22,101
22,148
22,162
22,106
22,163
22,461
22,613
22,466
22,1292
22,1298
22,1171
22,1504
22,1669
22,1930
22,2154
22,2407
22,2973
22,2971
22,3011
22,2915
22,4698
22,4684
22,6647
22,6646
22,8473
22,28270
23,41
23,458
23,1143
23,1148
23,1322
23,1323
23,1324
23,1325
23,1152
23,1326
23,1327
23,1328
23,1331
23,1333
23,1335
23,3234
23,3942
23,4415
23,5302
23,12909
23,13192
23,13066
23,13725
23,14871
23,15125
23,15194
23,15988
23,19906
23,23861
23,25930
23,27622
23,27693
23,27599
23,27937
23,33391
23,34237
23,34871
23,35064
23,193281
23,273038
23,373612
23,373762
23,411377
24,47
24,432
24,561
24,2
24,431
24,430
24,695
24,696
24,697
24,698
24,469
24,699
24,700
24,63
24,701
24,93
24,702
24,703
24,704
24,68
24,705
24,706
24,46
24,707
24,708
24,709
24,30
24,710
24,58
24,711
24,712
24,713
24,714
24,715
24,716
24,74
24,78
24,62
24,717
24,718
24,719
24,720
24,109
24,721
24,722
24,723
24,724
24,160
24,32
24,117
24,725
24,75
24,726
24,727
24,728
24,729
24,730
24,731
24,732
24,733
24,734
24,735
24,736
24,56
24,737
24,132
24,738
24,739
24,740
24,741
24,742
24,743
24,744
24,144
24,745
24,148
24,80
24,746
24,747
24,87
24,151
24,748
24,154
24,749
25,809
25,802
25,106
25,91
25,820
25,818
25,796
25,771
25,798
25,807
25,799
25,789
25,793
25,433
25,787
25,792
25,2
25,450
25,790
25,756
25,770
25,805
25,816
25,59
25,780
25,37
25,801
25,784
25,778
25,460
25,40
25,761
25,605
25,804
25,768
25,810
25,785
25,763
25,241
25,753
25,779
25,774
25,786
25,781
25,490
25,53
25,783
25,806
25,716
25,773
25,764
25,791
25,814
25,769
25,772
25,750
25,811
25,812
25,766
25,124
25,468
25,762
25,808
25,800
25,765
25,813
25,788
25,819
25,817
25,803
25,794
25,821
25,822
25,98
25,823
25,824
25,61
25,108
25,825
25,826
25,827
25,828
25,829
25,830
25,831
25,832
25,833
25,834
25,835
25,836
25,837
25,838
25,839
25,840
25,841
25,453
25,842
25,843
25,844
25,845
25,846
25,847
25,848
25,849
25,850
25,851
25,852
25,853
25,854
25,159
25,855
25,153
25,856
25,51
25,616
25,857
25,858
25,859
25,860
26,515
26,639
26,1555
26,3831
26,4895
26,5410
26,5852
26,7631
26,8471
26,9340
26,10181
26,10634
26,11151
26,14269
26,16331
26,16479
26,17091
26,17170
26,17161
26,17172
26,17174
26,21231
26,39174
26,39271
26,51164
26,58060
26,68880
26,82330
26,107188
26,178886
26,184506
26,299269
26,351595
27,58
27,158
27,434
27,580
27,619
27,872
27,887
27,888
27,873
27,933
27,904
27,890
27,746
27,921
27,905
27,875
27,935
27,936
27,891
27,922
27,892
27,947
27,938
27,925
27,927
27,895
27,952
27,953
27,864
27,931
27,916
27,884
27,885
27,942
27,897
27,866
27,898
27,900
27,957
27,901
27,958
27,1273
27,1627
27,1821
27,1864
27,2600
27,2236
27,3006
27,3552
27,3808
27,3675
27,4209
27,7269
27,7290
27,7661
27,9732
27,10506
27,11412
27,11848
27,13269
27,14831
27,17896
27,17910
27,18583
27,18963
27,20453
27,20221
27,20647
27,21395
27,22471
27,24659
27,25019
27,25421
27,25867
27,25604
27,27282
27,30044
27,36437
27,39761
27,45044
27,47711
27,48038
27,48787
27,65012
27,80051
27,89793
27,111249
27,187194
27,272905
27,418496
28,114
28,978
28,964
28,1007
28,1008
28,966
28,1009
28,982
28,967
28,985
28,988
28,1001
28,1012
28,969
28,1003
28,971
28,1013
28,973
28,960
28,974
28,1006
28,1015
28,976
28,1016
28,1020
28,3771
28,17194
28,50400
29,18
29,40
29,153
29,56
29,155
29,57
29,142
29,91
29,75
29,159
29,106
29,162
29,163
29,457
29,461
29,619
29,571
29,1052
29,1041
29,1061
29,1047
29,1048
29,1050
29,1051
29,1027
29,1036
29,3761
30,62
30,47
30,63
30,68
30,132
30,58
30,116
30,75
30,163
30,655
30,731
30,1069
30,1071
30,1084
30,1087
30,1072
30,1088
30,1074
30,1077
30,1078
30,1079
30,1093
30,1095
30,4625
30,17677
31,1128
31,1108
31,2
31,430
31,33
31,699
31,51
31,1126
31,1110
31,163
31,53
31,1033
31,91
31,450
31,1104
31,1106
31,1102
31,1101
31,1120
31,1125
31,416
31,1118
31,1116
31,1100
31,131
31,1111
31,1124
31,1122
31,130
31,1113
31,71
31,80
31,1117
31,1121
31,1119
31,665
31,1112
31,1114
31,619
31,133
31,1098
31,1127
31,83
31,124
31,1129
31,1130
31,1131
31,1132
31,738
31,125
31,487
31,1133
31,112
32,1161
32,1170
32,1177
32,37
32,1025
32,1175
32,1182
32,1178
32,1183
32,2
32,554
32,1147
32,1172
32,1141
32,36
32,1167
32,1171
32,1169
32,1151
32,68
32,1034
32,1148
32,1131
32,1139
32,1144
32,1146
32,1158
32,1184
32,1187
32,1159
32,1179
32,1176
32,1160
32,93
32,1145
32,1173
32,1185
32,1166
32,1164
32,135
32,1180
32,559
32,1181
32,1165
32,1154
32,1157
32,1168
32,137
32,1163
32,1186
32,124
32,1140
32,1162
32,129
32,1188
32,1189
32,1190
32,1191
32,1192
32,1193
32,1194
32,1195
32,96
32,1196
32,1197
32,1198
32,1199
32,1200
32,1201
32,1202
32,1203
32,1204
32,1205
32,1206
32,1207
32,1208
32,1209
32,115
32,1210
33,10
33,31
33,80
33,85
33,279
33,100
33,208
33,268
33,724
33,731
33,1128
33,1232
33,1101
33,1523
33,2689
33,2862
33,3330
33,3280
33,3401
33,3403
33,5338
33,8043
33,8180
33,8899
33,9059
33,11475
33,13598
33,26143
33,31009
33,31010
33,36787
33,40277
33,39704
33,76507
34,30
34,1231
34,1228
34,163
34,1229
34,1260
34,695
34,1219
34,1241
34,1247
34,504
34,85
34,1217
34,1233
34,814
34,1258
34,1227
34,1254
34,1252
34,1239
34,761
34,1257
34,1256
34,1234
34,1240
34,67
34,1073
34,1249
34,1259
34,2
34,1245
34,1246
34,1243
34,1253
34,1242
34,1238
34,75
34,1250
34,1255
34,1223
34,78
34,1248
34,1050
34,1224
34,1244
34,1251
34,1215
34,1262
34,1263
34,1264
34,1265
34,1266
34,1267
34,1268
34,1269
34,1270
34,1271
34,1272
34,663
34,1273
34,1086
34,1274
34,152
34,1275
34,1276
34,1277
34,148
34,947
34,1278
34,1279
34,819
34,572
34,1280
34,1281
34,1282
34,1283
34,1284
34,1285
34,1286
34,1287
34,1288
34,1289
34,1290
34,1291
35,62
35,55
35,85
35,140
35,96
35,59
35,514
35,619
35,535
35,590
35,716
35,598
35,736
35,1190
35,1260
35,1549
35,1396
35,1587
35,1834
35,1792
35,1691
35,2063
35,5256
35,6639
35,6724
35,13609
35,20222
35,20802
35,27243
35,27473
35,34070
35,36416
35,38815
35,130689
35,1439501
36,32
36,1177
36,1292
36,1172
36,115
36,1034
36,1146
36,1200
36,2
36,1186
36,1192
36,1134
36,1163
36,129
36,1180
36,1293
36,1171
36,96
36,1294
37,25
37,32
37,115
37,163
37,964
37,1417
37,1477
37,2160
37,12062
37,13776
37,16223
37,39445
37,45556
37,50558
37,68532
37,231412
38,11254
38,16570
38,21250
38,26900
38,38036
38,44742
39,559
39,1392
39,1452
39,3572
39,3936
39,7260
39,7733
39,11763
39,11912
39,14113
39,14511
39,18141
39,18398
39,18666
39,18942
39,20520
39,21566
39,22441
39,22514
39,25610
39,26805
39,27404
39,29564
39,31642
39,31777
39,32686
39,33575
39,37683
39,38392
39,38572
39,38385
39,53555
39,62877
39,64727
39,70662
39,77086
39,82476
39,91742
39,106693
39,121200
39,129874
39,160982
39,187225
39,206039
39,284828
39,305883
39,340085
39,340243
40,18
40,25
40,29
40,1309
40,1303
40,454
40,1171
40,467
40,461
40,451
40,43
40,459
40,106
40,1299
40,964
40,1296
40,1295
40,1301
40,1300
40,462
40,98
40,455
40,91
40,21
40,163
40,456
40,139
40,1307
40,1308
40,1306
40,83
40,1302
40,465
40,2
40,1310
40,1298
40,1054
40,1114
40,1297
40,124
40,54
40,151
40,153
40,1313
41,16
41,1329
41,1323
41,1330
41,1326
41,1327
41,1135
41,1324
41,1314
41,1315
41,1318
41,1321
41,1328
41,1331
41,2
41,66
41,1333
41,54
41,23
41,1325
41,1334
41,57
41,53
41,105
41,1335
41,121
41,101
41,1336
41,1337
41,22
41,1338
41,149
42,1362
42,492
42,1360
42,1375
42,1366
42,1376
42,1373
42,911
42,1369
42,1377
42,1350
42,1349
42,535
42,1374
42,1359
42,1368
42,1365
42,2
42,1310
42,1356
42,486
42,1358
42,1370
42,1354
42,1363
42,1357
42,508
42,1361
42,102
42,1341
42,1371
42,1367
42,1364
42,1378
42,1379
42,1380
42,670
42,1381
42,1382
42,1383
42,1384
42,1385
43,18
43,40
43,1073
43,1423
43,1401
43,1415
43,78
43,2
43,1404
43,1420
43,56
43,457
43,1403
43,1406
43,1390
43,1386
43,1424
43,1392
43,810
43,467
43,1421
43,1419
43,1416
43,1389
43,1409
43,911
43,46
43,1399
43,1413
43,1418
43,1405
43,1398
43,1412
43,1417
43,1410
43,1400
43,1408
43,1387
43,1391
43,1388
43,1393
43,1402
43,106
43,1394
43,462
43,1012
43,1414
43,172
43,1425
43,1411
43,1426
43,1427
43,1428
43,1429
43,1430
43,1431
43,636
43,642
43,1432
43,1433
43,1434
43,1435
43,1436
43,1437
43,1438
43,1439
43,138
43,1440
43,96
43,1441
43,1442
43,168
43,1443
43,1444
43,159
43,1445
43,1446
43,1447
43,1448
43,1449
43,1450
43,1451
43,1297
43,153
43,1313
44,107
44,137
44,63
44,125
44,83
44,98
44,588
44,617
44,628
44,655
44,832
44,732
44,1114
44,1128
44,1122
44,1280
44,1163
44,1210
44,1271
44,1260
44,1306
44,1273
44,1477
44,1668
44,1789
44,1663
44,1498
44,1864
44,1545
44,1823
44,1898
44,2022
44,2656
44,2863
44,3438
44,5750
44,6012
44,6339
44,8083
44,12647
44,12880
44,13260
44,16941
44,17457
44,18359
44,20878
44,24366
44,25693
44,27536
44,32898
44,32877
44,33341
44,33893
44,36469
44,42439
44,45042
44,48809
44,50988
44,55459
44,90230
44,185398
44,382238
44,1390534
45,85
45,100
45,2075
45,2423
45,7081
45,8549
45,9070
45,9811
45,10761
45,16244
45,22299
45,30161
45,37593
45,45202
45,95156
45,112306
45,209542
45,221224
45,287764
45,933966
46,18
46,30
46,43
46,62
46,168
46,113
46,56
46,132
46,96
46,512
46,469
46,457
46,619
46,729
46,732
46,1202
46,1100
46,1391
46,1095
46,1519
46,1409
46,1498
46,1695
46,2029
46,2817
46,2914
46,3088
46,3859
46,4212
46,4465
46,4691
46,5089
46,7249
46,8473
46,6234
46,12514
46,13020
46,13427
46,17006
46,19386
46,19745
46,24025
46,34606
46,54898
46,69082
46,72965
46,130362
47,30
47,62
47,1459
47,709
47,1519
47,1544
47,1309
47,1506
47,724
47,1525
47,1541
47,1546
47,1552
47,1551
47,2
47,22
47,1548
47,1508
47,1547
47,451
47,1486
47,109
47,1489
47,68
47,1481
47,73
47,1461
47,1462
47,1148
47,1490
47,1455
47,1520
47,1495
47,1505
47,1512
47,1463
47,94
47,1484
47,93
47,1485
47,1550
47,1483
47,1467
47,1538
47,1540
47,1487
47,1460
47,1549
47,1494
47,1543
47,1517
47,1491
47,1492
47,1488
47,96
47,1054
47,464
47,129
47,1522
47,1537
47,24
47,1504
47,1553
47,1535
47,1111
47,741
47,1466
47,1542
47,1509
47,1511
47,1134
47,160
47,1669
47,1670
47,1335
47,1298
47,1671
47,1672
47,1673
47,1674
47,154
47,1699
47,1700
47,1701
47,105
47,1702
47,1703
47,132
47,156
48,507
48,683
48,1394
48,1793
48,1837
48,1849
48,1781
48,1922
48,1908
48,1839
48,1852
48,1973
48,1855
48,1841
48,1843
48,1919
48,1846
48,12291
48,20334
48,22764
48,68662
49,96
49,135
49,73
49,458
49,1114
49,1222
49,1163
49,1332
49,1529
49,1901
49,2531
49,2828
49,4853
49,4691
49,7290
49,17706
49,181798
49,266530
49,1134800
49,1215050
50,957
50,1159
50,5323
50,8500
50,11328
50,13201
50,15575
50,15789
50,16528
50,18421
50,18983
50,19053
50,18689
50,21335
50,25188
50,24974
50,25976
50,25855
50,26804
50,27484
50,36199
50,38110
50,44730
50,52913
50,57484
50,72779
50,74502
50,76421
50,109785
50,121401
50,124487
50,177156
50,382615
50,798300
51,31
51,83
51,155
51,91
51,159
51,106
51,453
51,163
51,468
51,461
51,487
51,1128
51,1122
51,1210
51,1306
51,1624
51,1627
51,1768
51,2236
51,2728
51,3470
51,3482
51,6936
51,7973
51,11354
51,11531
51,11964
51,12422
51,16712
51,34262
51,83316
52,268
52,639
52,832
52,749
52,1202
52,1240
52,1417
52,2847
52,3132
52,9769
52,9775
52,9901
52,10284
52,10439
52,12423
52,16864
52,18446
52,22452
52,34334
52,49707
52,241838
53,25
53,31
53,1210
53,1477
53,2848
53,3698
53,7123
53,11052
53,45556
53,50558
54,18
54,29
54,41
54,111
54,94
54,155
54,57
54,73
54,461
54,964
54,1298
54,1210
54,1171
54,1419
54,1554
54,1456
54,1669
54,2132
54,2154
54,2160
54,2143
54,2930
54,2950
54,3011
54,3624
54,4689
54,4855
54,5078
54,5426
54,5986
54,5386
54,8151
54,14593
54,16365
54,16709
54,23927
54,28871
54,30255
54,83623
54,93622
54,232794
54,314369
54,905281
55,140
55,96
55,87
55,277
55,729
55,746
55,960
55,1624
55,1524
55,1748
55,1994
55,2583
55,2619
55,2719
55,2720
55,2660
55,2721
55,2633
55,2662
55,2634
55,2750
55,2664
55,2476
55,2578
55,2725
55,2637
55,2728
55,2581
55,2623
55,2754
55,2638
55,2657
55,2640
55,2582
55,2625
55,2627
55,4192
55,5630
55,17492
55,135291
56,18
56,29
56,43
56,168
56,1546
56,2910
56,2338
56,1409
56,2880
56,46
56,3009
56,511
56,2885
56,1526
56,1709
56,3059
56,2912
56,1073
56,2301
56,22
56,2
56,3062
56,2973
56,2483
56,3058
56,106
56,2450
56,2467
56,2913
56,462
56,2876
56,73
56,2914
56,2875
56,1670
56,1525
56,1421
56,3014
56,3011
56,2232
56,1415
56,1930
56,1416
56,3063
56,2881
56,124
56,1418
56,101
56,2523
56,2153
56,1554
56,2971
56,2029
56,2521
56,1410
56,3057
56,2969
56,2438
56,2522
56,844
56,3064
56,96
56,3060
56,3061
56,89
56,2972
56,2970
56,469
56,2877
56,1132
56,2435
56,1414
56,2909
56,2878
56,1511
56,2159
56,2884
56,3010
56,457
56,3012
56,1450
56,1298
56,3415
56,3417
56,3418
56,3420
56,1444
56,3422
56,647
56,1054
57,18
57,19
57,29
57,62
57,153
57,130
57,155
57,3822
57,2
57,1053
57,3761
57,1409
57,461
57,3760
57,3758
57,3759
57,54
57,610
57,3626
57,1042
57,1051
57,1056
57,1202
57,3860
57,3547
57,106
57,3623
57,3527
57,462
57,1040
57,531
57,1024
57,1034
57,3535
57,3824
57,1207
57,1058
57,1060
57,2487
57,3634
57,1059
57,3541
57,3632
57,162
57,3625
57,101
57,1050
57,78
57,1027
57,3816
57,3757
57,124
57,3754
57,71
57,1057
57,1037
57,145
57,3762
57,1045
57,1046
57,1047
57,3763
57,1049
57,1509
57,3633
57,3756
57,133
57,3631
57,75
57,134
57,2556
57,2499
57,1334
57,4189
57,3064
57,4191
57,127
57,4192
57,151
57,4195
57,4291
57,163
57,1052
57,4294
57,4295
57,4296
57,1536
58,27
58,30
58,62
58,63
58,172
58,114
58,68
58,115
58,5011
58,3403
58,5354
58,4961
58,4942
58,5092
58,2978
58,4827
58,5017
58,5599
58,5146
58,948
58,2232
58,4945
58,2864
58,5267
58,954
58,4834
58,4959
58,5141
58,3532
58,2379
58,3723
58,1719
58,2480
58,5375
58,5270
58,5087
58,3127
58,5085
58,3761
58,1033
58,5010
58,5595
58,1449
58,4588
58,4714
58,2
58,430
58,3085
58,4535
58,4717
58,5020
58,5381
58,4528
58,4947
58,4954
58,4940
58,5493
58,5256
58,4715
58,5090
58,5379
58,4820
58,5009
58,1792
58,4943
58,4707
58,5019
58,1672
58,5486
58,2440
58,3469
58,5253
58,5481
58,5013
58,4706
58,1396
58,4533
58,4831
58,4821
58,5005
58,4958
58,5143
58,4520
58,1928
58,81
58,4960
58,4704
58,884
58,5598
58,5501
58,5094
58,3527
58,5361
58,5657
58,5373
58,5149
58,5597
58,5600
58,5380
58,5260
58,5008
58,5269
58,1484
58,4332
58,4516
58,5377
58,5014
58,1012
58,5356
58,1477
58,1023
58,5147
58,2885
58,5258
58,1393
58,5086
58,4949
58,5500
58,744
58,4705
58,5359
58,5503
58,4826
58,4539
58,3713
58,5006
58,5482
58,5656
58,148
58,4951
58,5123
58,5483
58,5142
58,2931
58,2915
58,3064
58,1388
58,5484
58,958
58,5365
58,3428
58,747
58,5095
58,716
58,144
58,5089
58,5088
58,4955
58,5264
58,5358
58,5144
58,5255
58,101
58,5093
58,5012
58,2917
58,1565
58,4832
58,736
58,5150
58,1712
58,4939
58,5271
58,2381
58,24
58,3854
58,4956
58,3889
58,4952
58,495
58,1073
58,5145
58,5596
58,2895
58,5082
58,4470
58,5601
58,5084
58,5367
58,5080
58,5262
58,5091
58,4944
58,5378
58,5272
58,5495
58,5363
58,2382
58,6573
58,6574
58,6575
58,6576
58,6577
58,6578
58,6579
58,6580
58,6581
58,6582
58,6583
58,6584
58,6585
58,6586
58,825
58,1492
58,6652
58,839
58,6653
58,6654
58,6655
58,6656
58,6657
58,6658
58,6659
58,3800
58,785
58,6660
58,6661
58,6663
58,1140
58,6665
58,4294
58,6753
58,6755
58,2447
58,6756
58,6757
58,2370
58,6758
58,6759
58,6760
58,6761
58,6762
58,6763
58,739
58,6764
58,6765
58,6766
58,1084
58,6767
58,6768
58,6788
58,6789
58,6790
58,6791
58,6792
58,1389
58,6793
58,6794
58,647
58,6795
58,5128
58,3759
58,6798
58,6800
59,25
59,63
59,68
59,35
59,7126
59,6639
59,7129
59,7023
59,2150
59,7304
59,7289
59,7295
59,7123
59,2
59,7305
59,7128
59,7114
59,7025
59,7127
59,7012
59,7004
59,7019
59,7009
59,7130
59,7011
59,7014
59,7121
59,7020
59,7302
59,7117
59,4622
59,7307
59,7124
59,7015
59,7013
59,5710
59,662
59,7131
59,7297
59,3563
59,2127
59,7017
59,7298
59,7667
59,7668
59,7669
59,7670
59,7671
59,7672
59,7673
59,7674
59,7675
59,7676
59,7677
59,7678
59,7679
59,7680
59,7681
59,3730
59,732
59,7683
59,7763
59,7764
59,7765
59,7766
59,7767
59,7768
59,7769
59,7770
59,7771
59,7772
59,7773
59,1444
59,2661
59,1713
59,7775
59,5190
59,7778
59,7780
59,4804
59,7782
59,7837
59,6931
59,106
60,10
60,19
60,173
60,244
60,99
60,278
60,279
60,263
60,283
60,208
60,238
60,286
60,268
60,300
60,301
60,716
60,1183
60,1532
60,1503
60,1567
60,1610
60,1838
60,1749
60,1886
60,2075
60,1711
60,1920
60,2371
60,2423
60,3040
60,3190
60,3741
60,190
60,4698
60,4470
60,5014
60,5704
60,5843
60,6340
60,6752
60,6372
60,6963
60,6705
60,7084
60,7220
60,7281
60,7270
60,7228
60,7999
60,7986
60,8118
60,7988
60,8093
60,8163
60,8239
60,8167
60,8254
60,8243
60,8256
60,8114
60,8116
60,8170
60,8259
60,8173
60,8260
60,8174
60,8537
60,8350
60,8553
60,8540
60,8532
60,8235
60,8643
60,8533
60,8248
60,8543
60,8535
60,8365
60,8251
60,8752
60,8645
60,8631
60,8768
60,8778
60,8754
60,8549
60,8898
60,8639
60,8647
60,8899
60,8975
60,8977
60,8651
60,8641
60,8759
60,8982
60,8889
60,8905
60,9070
60,8906
60,9058
60,9073
60,9059
60,8893
60,8895
60,10565
60,10568
60,10639
60,10571
60,10640
60,10761
60,10633
60,10634
60,10574
60,12042
60,14432
60,16139
60,17194
60,17185
60,18653
60,20799
60,22832
60,25182
60,37448
60,43349
60,66484
60,67183
60,177384
61,31
61,125
61,65
61,83
61,98
61,159
61,161
61,106
61,5405
61,5409
61,5390
61,450
61,487
61,1033
61,124
61,2
61,7489
61,11041
62,10
62,29
62,30
62,47
62,741
62,1515
62,1516
62,63
62,24
62,431
62,268
62,707
62,1479
62,600
62,1528
62,1474
62,948
62,1524
62,46
62,709
62,469
62,920
62,430
62,22
62,1530
62,2
62,1051
62,1526
62,1498
62,1534
62,1076
62,928
62,58
62,57
62,1533
62,1531
62,1472
62,1154
62,731
62,35
62,1536
62,276
62,460
62,1521
62,1496
62,1469
62,1477
62,1510
62,1391
62,93
62,913
62,1418
62,68
62,1497
62,1513
62,78
62,80
62,1475
62,270
62,1523
62,1471
62,1532
62,1599
62,1600
62,1601
62,1602
62,1603
62,1604
62,154
62,117
62,1605
62,1607
62,1608
62,749
62,1609
62,1610
62,1611
62,1612
62,1084
62,1613
62,1615
62,1625
62,1626
62,208
62,1087
62,1627
62,1628
62,1629
62,1630
62,538
62,1631
62,1633
62,1635
62,1088
62,1636
62,1637
62,140
62,1050
62,1639
62,1641
62,1643
62,1704
62,96
62,1097
62,1705
62,1306
62,1439
62,1706
62,160
62,1707
62,1708
62,738
62,56
62,1709
62,1710
62,151
62,1227
62,153
62,163
62,1714
62,132
62,1768
62,1769
62,1438
62,148
62,162
62,1770
62,1771
62,1734
62,1772
63,30
63,47
63,62
63,68
63,58
63,75
63,148
63,163
63,432
63,800
63,825
63,1087
63,1065
63,1132
63,1523
63,1524
63,1587
63,1880
63,2012
63,1942
63,2005
63,1945
63,2017
63,1872
63,2092
63,1874
63,2165
63,2207
63,1935
63,2313
63,2317
63,2210
63,2085
63,1889
63,1890
63,2203
63,2320
63,2205
63,2171
63,2400
63,2401
63,4819
63,8473
63,14447
63,14128
63,15739
63,20375
63,31639
63,31744
63,56748
63,66623
63,834306
63,1063351
64,137
64,80
64,2624
64,2626
64,1166
64,1985
64,1110
64,2548
64,2561
64,1617
64,2649
64,2621
64,2555
64,2652
64,2620
64,22
64,2558
64,2622
64,2651
64,2
64,2654
64,909
64,469
64,2618
64,2655
64,2168
64,1168
64,2540
64,1652
64,2551
64,2628
64,2562
64,139
64,2553
64,2656
64,2631
64,1917
64,2543
64,2242
64,2653
64,2546
64,1186
64,2554
64,2789
64,2790
64,2791
64,2792
64,46
64,2793
64,2794
64,2795
64,2796
64,1131
64,2797
64,2461
64,2799
64,2801
64,2802
64,2804
64,2028
64,2843
64,719
64,2236
64,665
64,2844
64,2845
64,2846
64,2847
64,1498
64,2848
64,2849
64,1289
64,163
64,2055
64,2266
64,2850
64,2851
64,2852
65,2
65,22
65,1033
65,61
65,161
65,133
65,1122
65,83
65,1114
65,2942
65,2943
66,41
66,47
66,73
66,135
66,458
66,694
66,1143
66,1145
66,1088
66,1292
66,1322
66,1324
66,1325
66,1316
66,1399
66,1391
66,1472
66,1326
66,1327
66,1328
66,1331
66,1332
66,1333
66,1335
66,1734
66,1629
66,1864
66,1901
66,2317
66,2584
66,3561
66,4073
66,4328
66,4691
66,4855
66,4859
66,5078
66,5300
66,5302
66,5451
66,5523
66,5431
66,5670
66,6730
66,6867
66,7123
66,12907
66,12912
66,13725
66,13942
66,14714
66,14877
66,15124
66,15125
66,15272
66,15191
66,15192
66,15194
66,17128
66,23297
66,27622
66,33962
66,33954
66,34203
66,34065
66,35749
66,55716
66,110320
66,122233
67,34
67,1274
67,1239
67,1240
67,564
67,3090
67,3177
67,1252
67,3142
67,1245
67,2233
67,695
67,1249
67,2
67,3096
67,3097
67,605
67,1264
67,3138
67,3095
67,2959
67,1226
67,3093
67,776
67,3136
67,3091
67,3089
67,1060
67,3178
67,595
67,1257
67,3144
67,3145
67,814
67,1219
67,832
67,3176
67,3175
67,1217
67,3139
67,3094
67,819
67,3147
67,3137
67,1262
67,1223
67,1185
67,1277
67,1087
67,1253
67,1258
67,3140
67,1228
67,3141
67,3143
67,1229
67,1231
67,3146
67,584
67,1241
67,3092
67,3539
67,761
67,3542
67,3544
67,3545
67,2528
67,3459
67,3548
67,1286
68,30
68,32
68,47
68,62
68,63
68,93
68,113
68,132
68,96
68,58
68,144
68,75
68,148
68,165
68,432
68,741
68,716
68,916
68,1084
68,1174
68,1145
68,1146
68,1192
68,901
68,1131
68,1148
68,1004
68,1298
68,1134
68,1168
68,1391
68,1155
68,1156
68,1549
68,1505
68,1522
68,1396
68,1587
68,1515
68,1628
68,1772
68,1834
68,1498
68,1699
68,2014
68,1846
68,2319
68,2596
68,3061
68,2935
68,2925
68,3723
68,3711
68,3771
68,3775
68,3858
68,3859
68,3933
68,3719
68,3919
68,3922
68,3854
68,3855
68,3856
68,4295
68,6653
68,7352
68,7698
68,8473
68,21516
68,30618
69,1306
69,1595
69,2240
69,3254
69,4688
69,5508
69,6341
69,8377
69,11790
69,13015
69,17125
69,23802
69,24667
69,25958
69,29684
69,31549
69,36381
69,40538
69,42021
69,43206
69,50747
69,50845
69,50850
69,235499
69,274086
70,142
70,162
70,466
70,1316
70,1458
70,3760
70,5505
70,9686
70,23861
70,27693
70,28312
70,32773
70,311775
70,367478
70,977960
71,29
71,31
71,83
71,130
71,57
71,98
71,91
71,106
71,163
71,1272
71,1108
71,1864
71,3624
71,5394
71,5500
71,12248
71,18242
71,40801
71,163489
71,1014167
72,1447
72,1172
72,2
72,1186
72,1161
72,1025
72,1149
72,4320
72,1034
72,1504
72,4323
72,4132
72,4322
72,129
72,4321
72,1180
72,1196
72,4324
72,4325
72,4326
72,4327
72,4328
72,2338
72,4329
72,4330
73,47
73,56
73,172
73,114
73,142
73,89
73,165
73,483
73,522
73,461
73,613
73,595
73,819
73,1182
73,1132
73,1149
73,1298
73,1198
73,1171
73,1548
73,1422
73,1461
73,1409
73,1554
73,1669
73,1732
73,1483
73,1721
73,1930
73,2531
73,2522
73,2913
73,2973
73,2914
73,3063
73,3010
73,2971
73,3011
73,2777
73,3058
73,3062
73,3168
73,2921
73,3453
73,3530
73,3759
73,3763
73,3854
73,4328
73,4682
73,4595
73,4698
73,4683
73,4699
73,4793
73,4596
73,4684
73,4597
73,4804
73,4798
73,4689
73,4800
73,4516
73,5255
73,5403
73,5303
73,5406
73,5421
73,5363
73,5410
73,5412
73,6340
73,6341
73,6647
73,6649
73,6723
73,6644
73,6646
73,6726
73,6963
73,6923
73,6926
73,6660
73,6927
73,37294
74,166
74,535
74,722
74,706
74,1639
74,1718
74,2562
74,4619
74,6079
74,6341
74,11151
74,15938
74,17733
74,24674
74,25910
74,30671
74,30330
74,46066
74,75263
74,122936
74,135204
74,232319
74,253626
74,288590
74,387771
74,506513
74,527417
74,664193
74,924148
75,29
75,30
75,34
75,62
75,92
75,153
75,137
75,63
75,83
75,57
75,68
75,132
75,87
75,148
75,162
75,163
75,469
75,716
75,1087
75,1280
75,1254
75,1223
75,1246
75,1261
75,1524
75,1556
75,1498
75,2257
75,2973
75,3156
75,3755
75,4213
75,4619
75,7413
75,7487
75,7549
75,24383
75,138231
76,29
76,92
76,85
76,73
76,99
76,208
76,7456
76,7923
76,7925
76,7927
76,3389
76,7929
76,5984
76,7932
76,7933
76,7935
76,7937
76,7939
76,7940
76,7941
76,7942
76,7943
76,7944
76,7946
76,7948
76,7949
76,7413
76,8082
76,8084
76,8085
76,8087
76,2723
76,8089
76,8090
76,8091
76,3695
76,8092
76,8094
76,8095
76,2
76,8098
76,8100
76,8102
76,8104
76,8106
76,8108
76,8279
76,1347
76,8282
76,8284
76,8286
76,8288
76,5893
76,8290
76,8292
76,8293
76,8295
76,8297
76,8298
76,8300
76,8302
76,8303
76,8305
76,8307
76,1845
76,8309
76,4865
76,8421
76,8423
76,8425
76,8426
76,8158
76,8427
76,8061
76,8428
76,8429
76,8430
76,8431
76,8432
76,8434
76,2158
76,8436
76,8438
76,8440
76,8442
76,3165
76,8604
76,8606
76,8607
76,8608
76,8609
76,8610
76,8611
76,1523
76,8612
76,8613
76,4654
76,8614
76,8615
76,8616
76,8617
76,8618
76,725
76,8233
76,8619
76,8753
76,8755
76,8757
76,8758
76,8760
76,8762
76,8764
76,8766
76,8767
76,8769
76,8771
76,8773
76,8774
76,1352
76,8776
76,8777
76,8779
76,8780
76,8781
76,8782
76,8929
76,8930
76,8931
76,8932
76,8933
76,8934
76,8935
76,8936
76,8937
76,8938
76,8939
76,2718
76,8940
76,8941
76,8942
76,8943
76,8944
76,8945
76,8946
76,8947
76,9042
76,9043
76,9045
76,9046
76,9049
76,1366
76,9051
76,8974
76,9428
76,1609
76,9429
76,9430
76,9431
76,9432
76,6497
76,2043
76,9433
76,9434
76,9435
76,9437
76,9513
76,9514
76,9515
76,9516
76,9517
76,9518
76,7574
76,9519
76,7283
76,9520
76,9521
76,2996
76,9524
76,9525
76,9527
76,9528
76,9530
76,9532
76,4463
76,9615
76,9616
76,9617
76,9618
76,3068
76,9619
76,9620
76,9621
76,9622
76,9623
76,9624
76,1594
76,2098
76,9626
76,9627
76,9628
76,9629
76,9630
76,9631
76,9632
76,9723
76,9725
76,9726
76,9727
76,9728
76,2897
76,9729
76,9730
76,9731
76,9732
76,9733
76,9734
76,9735
76,9736
76,8372
76,9737
76,3099
76,9738
76,9739
76,9740
76,9777
76,9780
76,9782
76,9783
76,9784
76,7163
76,3408
76,9785
76,9786
76,9787
76,9788
76,9789
76,9790
76,9791
76,9792
76,9793
76,9794
76,9795
76,9796
76,9797
76,9911
76,9912
76,9913
76,9914
76,9915
76,9916
76,9917
76,9918
76,1058
76,9919
76,9920
76,9921
76,9922
76,9923
76,3217
76,9924
76,9925
76,574
76,2872
76,2145
76,4029
76,9994
76,9996
76,9998
76,10000
76,2452
76,10002
76,10003
76,10005
76,10007
76,10009
76,10011
76,10013
76,10015
76,10017
76,10019
76,10020
76,110
76,10117
76,10118
76,2050
76,10119
76,10120
76,10121
76,10122
76,10123
76,10124
76,7755
76,10125
76,10126
76,5935
76,10127
76,10128
76,10129
76,10130
76,10131
76,10132
76,10133
76,10186
76,10187
76,10188
76,783
76,10189
76,10190
76,10191
76,10192
76,10193
76,10194
76,10195
76,10196
76,3533
76,10197
76,10198
76,10199
76,10200
76,10201
76,10202
76,10203
76,10267
76,10268
76,10269
76,10270
76,10271
76,10272
76,10273
76,10274
76,10275
76,10276
76,10277
76,10278
76,10279
76,10280
76,10281
76,10282
76,10283
76,10284
76,10285
76,10286
76,10396
76,10397
76,10398
76,10399
76,10400
76,10401
76,10402
76,10403
76,10404
76,10405
76,10406
76,10407
76,10408
76,10409
76,10410
76,10411
76,10412
76,10413
76,10414
76,10483
76,10484
76,3706
76,10485
76,10486
76,10487
76,10488
76,10489
76,10491
76,10493
76,10494
76,10496
76,10498
76,10499
76,10500
76,10501
76,10503
76,10504
76,10506
76,10508
76,11079
76,11080
76,11081
76,2137
76,11083
76,11084
76,7640
76,11086
76,11088
76,7375
76,11090
76,11091
76,11092
76,11093
76,11094
76,11095
76,11096
76,11097
76,11098
76,11099
76,11171
76,1158
76,11172
76,3719
76,11173
76,11174
76,11175
76,11176
76,11177
76,11178
76,11179
76,11180
76,11181
76,11182
76,3056
76,11185
76,11186
76,11187
76,11188
76,497
76,11272
76,11274
76,1368
76,11275
76,11276
76,11277
76,11278
76,11279
76,3344
76,11280
76,11281
76,11282
76,11283
76,11284
76,11285
76,809
76,11286
76,11287
76,11288
76,11289
76,11356
76,11357
76,11358
76,11359
76,11360
76,11361
76,11362
76,11363
76,11364
76,11365
76,11366
76,11367
76,472
76,11368
76,3130
76,11369
76,11370
76,11371
76,8356
76,731
76,11430
76,11431
76,11432
76,11433
76,11434
76,11435
76,11436
76,11437
76,11438
76,11439
76,11440
76,11441
76,5386
76,11442
76,11443
76,3169
76,11444
76,11445
76,3421
76,11446
76,11542
76,11543
76,11544
76,643
76,11545
76,11546
76,11547
76,11548
76,11549
76,11550
76,11551
76,11552
76,11553
76,11554
76,11555
76,11556
76,11557
76,11558
76,11559
76,11629
76,11633
76,11635
76,11637
76,11639
76,551
76,11641
76,11643
76,11645
76,7970
76,8232
76,11648
76,11649
76,11651
76,2356
76,11653
76,3657
76,3948
76,11655
76,11656
76,1976
76,11837
76,11838
76,11839
76,11840
76,11841
76,2556
76,11842
76,11843
76,3074
76,11844
76,11845
76,11846
76,11847
76,11848
76,11849
76,11850
76,11851
76,11852
76,11853
76,11942
76,2547
76,11944
76,11946
76,11948
76,11950
76,11951
76,11953
76,11955
76,11957
76,11958
76,11960
76,11962
76,11964
76,11965
76,11967
76,11969
76,426
76,11972
76,2120
76,11787
76,12039
76,12040
76,1731
76,12041
76,12042
76,593
76,12043
76,12044
76,12045
76,12046
76,3092
76,12047
76,3265
76,12048
76,12049
76,12050
76,12051
76,2040
76,12130
76,12132
76,12133
76,12134
76,12135
76,12136
76,12137
76,12138
76,12139
76,1414
76,12140
76,11505
76,8899
76,12141
76,12142
76,12143
76,12144
76,12145
76,509
76,12146
76,12280
76,12281
76,12282
76,12283
76,12284
76,12285
76,12286
76,12287
76,12289
76,12176
76,12291
76,12292
76,3339
76,11778
76,12295
76,12296
76,2265
76,12298
76,12299
76,12413
76,658
76,530
76,12414
76,12415
76,12416
76,12417
76,12418
76,12419
76,12420
76,12421
76,12422
76,12423
76,12424
76,12425
76,12428
76,12430
76,12431
76,663
76,12432
76,13728
76,1864
76,13729
76,13730
76,13731
76,13732
76,2691
76,13733
76,13734
76,13735
76,7462
76,13736
76,4189
76,2843
76,13737
76,1408
76,3152
76,13738
76,6966
76,13739
76,13815
76,491
76,13816
76,13817
76,13818
76,13819
76,2058
76,13820
76,13821
76,11659
76,13822
76,13823
76,10050
76,13824
76,13825
76,13827
76,13828
76,13829
76,13830
76,13831
76,13883
76,620
76,13884
76,13886
76,2601
76,3456
76,13888
76,13890
76,13891
76,13893
76,13894
76,13895
76,2641
76,13896
76,13897
76,13898
76,13899
76,13900
76,13901
76,13902
76,14050
76,14051
76,14039
76,8561
76,14052
76,14053
76,14054
76,2248
76,14055
76,7683
76,14056
76,3893
76,14057
76,1629
76,14058
76,11534
76,14059
76,14060
76,14061
76,14198
76,11936
76,14199
76,14200
76,1732
76,14201
76,14202
76,669
76,14210
76,14211
76,14212
76,14213
76,14004
76,14214
76,14215
76,9602
76,6577
76,14216
76,14217
76,3939
76,14272
76,14273
76,14274
76,14275
76,14276
76,14277
76,14278
76,14279
76,2249
76,14280
76,7902
76,14281
76,14282
76,14283
76,14284
76,14285
76,14286
76,14287
76,14288
76,544
76,14361
76,14362
76,14363
76,14364
76,14365
76,14366
76,14367
76,14368
76,14369
76,1358
76,14370
76,14371
76,11779
76,14372
76,14373
76,14374
76,2122
76,1343
76,14375
76,14453
76,2944
76,14454
76,3125
76,14455
76,7459
76,2841
76,14456
76,14457
76,14458
76,14459
76,14460
76,14461
76,14462
76,14463
76,14464
76,14465
76,12992
76,13422
76,14466
76,14581
76,14582
76,14583
76,3025
76,5335
76,2136
76,14585
76,14587
76,14589
76,14591
76,14593
76,14595
76,14597
76,14598
76,14044
76,14601
76,14603
76,14604
76,14606
76,12644
76,8789
76,14666
76,14667
76,12222
76,14668
76,14669
76,14670
76,14671
76,14672
76,14673
76,14674
76,14675
76,14676
76,7052
76,14678
76,14680
76,14682
76,14684
76,90
76,2528
76,14739
76,14740
76,14741
76,14742
76,14743
76,14744
76,14745
76,14746
76,8121
76,14747
76,14748
76,8654
76,14749
76,14750
76,14751
76,14752
76,2151
76,14753
76,14754
76,14944
76,14946
76,14948
76,3187
76,14950
76,14952
76,3666
76,14954
76,14955
76,14956
76,14936
76,14957
76,14958
76,14959
76,14960
76,14961
76,14962
76,14963
76,14964
76,14965
76,14677
76,15042
76,15043
76,15044
76,15045
76,15046
76,15047
76,15048
76,15049
76,15050
76,15051
76,15052
76,15053
76,15054
76,15055
76,15056
76,15057
76,2159
76,3409
76,15058
76,13012
76,15131
76,15132
76,15133
76,15134
76,7926
76,15135
76,15136
76,15137
76,15138
76,3700
76,15139
76,15140
76,15141
76,15142
76,15143
76,9603
76,15144
76,13347
76,2382
76,15155
76,1228
76,15156
76,15157
76,15158
76,15159
76,15160
76,15161
76,15162
76,15163
76,15164
76,15165
76,15171
76,15172
76,12797
76,15173
76,15174
76,15175
76,15176
76,15177
76,15243
76,15244
76,15245
76,15246
76,8788
76,15247
76,13494
76,15248
76,15249
76,15250
76,15251
76,15252
76,15253
76,15254
76,15255
76,15256
76,2275
76,15257
76,15258
76,15259
76,15355
76,15356
76,15357
76,616
76,15358
76,15359
76,15360
76,15361
76,15362
76,15363
76,15364
76,15365
76,15366
76,15367
76,15368
76,15369
76,15370
76,15371
76,15372
76,15285
76,15445
76,51
76,15446
76,12335
76,15447
76,15448
76,15449
76,15450
76,15451
76,700
76,15452
76,15453
76,541
76,650
76,15454
76,15455
76,15456
76,15457
76,15458
76,15459
77,1765
77,2605
77,6800
77,9754
77,15047
77,20824
77,22083
77,29200
77,36246
77,36437
77,41094
77,42023
77,46153
77,48120
77,51099
77,62210
77,65446
77,71770
77,86083
77,148473
77,150286
77,298548
77,377058
77,379240
77,382298
77,520250
78,30
78,34
78,43
78,62
78,63
78,57
78,68
78,132
78,116
78,75
78,268
78,534
78,596
78,731
78,1051
78,854
78,1004
78,1391
78,1549
78,1438
78,1396
78,1524
78,1613
78,1528
78,1529
78,1641
78,1576
78,1772
78,1530
78,2625
78,2973
78,2995
78,3156
78,3719
78,4073
78,4459
78,6100
78,10504
78,12144
78,12755
78,13056
78,14684
78,19204
78,23884
78,23818
78,29415
78,29423
78,30460
78,31170
78,32904
78,35612
78,45153
78,47946
78,96097
78,125280
78,152756
78,219558
78,220018
78,1101192
79,137
79,1818
79,1812
79,1067
79,598
79,1070
79,133
79,1948
79,1801
79,1799
79,1725
79,1696
79,1584
79,1728
79,1789
79,1734
79,1962
79,1210
79,1716
79,1483
79,1163
79,1718
79,926
79,1826
79,1222
79,1796
79,1668
79,1794
79,1723
79,1306
79,1806
79,1667
79,538
79,1664
79,579
79,1814
79,2018
79,1964
79,1863
79,1969
79,1960
79,1956
79,1866
79,1086
79,460
79,2026
79,1873
79,2021
79,1719
79,2023
79,2
79,1259
79,1661
79,1656
79,1648
79,469
79,1659
79,1162
79,1622
79,1650
79,1657
79,2022
79,1968
79,2025
79,2029
79,1654
79,576
79,1858
79,1666
79,663
79,1717
79,1736
79,1820
79,1050
79,1270
79,1576
79,1621
79,1616
79,1652
79,1232
79,1665
79,1862
79,1864
79,610
79,1867
79,1606
79,1946
79,1952
79,1859
79,1823
79,1865
79,665
79,1614
79,1639
79,1808
79,2028
79,1721
79,1950
79,1871
79,1870
79,144
79,2027
79,1860
79,1869
79,146
79,143
79,2235
79,2236
79,2237
79,2231
79,2238
79,2239
79,2240
79,2241
79,2242
79,2243
79,2244
79,2245
79,2246
79,2247
79,2248
79,2249
79,2250
79,2251
79,2252
79,2253
79,2254
79,2255
79,2256
79,2257
79,2258
79,2259
79,428
79,2260
79,2261
79,2262
79,2263
79,2264
79,2265
79,2266
79,2055
79,2347
79,2349
79,1244
79,2351
79,2352
79,2354
79,64
79,2356
79,1768
79,2357
79,2358
79,655
79,614
79,1679
79,2359
79,2360
79,2361
79,2362
79,2455
79,2456
79,2457
79,2458
79,1057
79,2459
79,2460
79,2461
79,2462
79,591
79,1624
79,2463
79,2464
79,2465
79,2466
80,31
80,62
80,107
80,64
80,2569
80,2595
80,2591
80,1254
80,2568
80,2566
80,130
80,2593
80,1128
80,2
80,2506
80,785
80,2594
80,2508
80,804
80,707
80,430
80,33
80,2511
80,2570
80,2097
80,2572
80,2510
80,1270
80,2589
80,2513
80,2509
80,841
80,1630
80,1098
80,2571
80,1168
80,1796
80,2564
80,2592
80,1388
80,2565
80,2737
80,165
80,2740
80,2742
80,78
80,2745
80,132
80,160
81,63
81,58
81,650
81,736
81,1440
81,2654
81,2915
81,2925
81,5657
81,21193
81,26853
81,26802
81,36091
81,36894
81,36866
81,102532
81,114439
81,171997
82,100
82,1635
82,2423
82,2560
82,6851
82,17435
82,18269
82,19989
82,23917
82,27186
82,105046
82,114513
82,950086
83,31
83,40
83,125
83,65
83,130
83,155
83,131
83,98
83,100
83,91
83,75
83,159
83,161
83,106
83,61
83,453
83,512
83,163
83,588
83,450
83,619
83,487
83,594
83,776
83,819
83,895
83,1128
83,1114
83,1122
83,854
83,1270
83,1519
83,1274
83,2943
83,2958
83,2990
83,3004
83,3033
83,3034
83,3035
83,3036
83,2994
83,3083
83,3123
83,3037
83,3086
83,2952
83,2996
83,3115
83,3125
83,2998
83,3000
83,3088
83,3045
83,3028
83,2957
83,3002
83,3029
83,3031
83,3129
83,3131
83,3132
83,18242
84,30903
84,103392
84,118241
84,188059
84,236603
84,237676
84,237762
84,239714
84,271131
84,290021
84,312259
84,337523
84,343244
84,426792
84,431218
84,433811
84,442211
84,461860
84,516064
84,530945
84,534272
84,637763
84,661960
84,823441
84,851457
85,34
85,100
85,535
85,1128
85,1101
85,1935
85,2995
85,3326
85,3397
85,3330
85,3399
85,3331
85,3401
85,3332
85,3427
85,3403
85,4192
86,55
86,579
86,1646
86,3807
86,2114
86,3787
86,3789
86,3733
86,4217
86,3791
86,3729
86,598
86,3803
86,590
86,3810
86,3798
86,1233
86,3088
86,3793
86,4212
86,4479
86,2148
86,4460
86,2454
86,4493
86,4687
86,3805
86,3802
86,3812
86,761
86,4463
86,2
86,4685
86,853
86,4495
86,1654
86,4487
86,3457
86,4695
86,4216
86,4470
86,2483
86,3795
86,3727
86,4697
86,109
86,2500
86,4219
86,4692
86,4688
86,4485
86,4690
86,3732
86,3730
86,4483
86,4490
86,3722
86,719
86,4473
86,3728
86,2691
86,1251
86,3797
86,3731
86,2725
86,136
86,4496
86,1719
86,3881
86,3800
86,1236
86,3811
86,3879
86,3808
86,4218
86,4468
86,1095
86,3023
86,4215
86,4214
86,4213
86,5127
86,5128
86,5130
86,876
86,1049
86,5132
86,2231
86,1277
86,5134
86,5136
86,5137
86,665
86,5138
86,1679
86,5139
86,3463
86,5140
86,2238
86,170
86,5274
86,5276
86,5278
87,55
87,5769
87,1123
87,2
87,5558
87,928
87,5711
87,1818
87,5560
87,5570
87,5713
87,5554
87,706
87,1083
87,5775
87,5555
87,5552
87,5776
87,5766
87,5761
87,5706
87,5777
87,5780
87,1092
87,1488
87,716
87,3069
87,5763
87,5574
87,5714
87,5767
87,4333
87,75
87,5715
87,5566
87,5759
87,5705
87,5572
87,1306
87,3622
87,4622
87,5710
87,1046
87,5709
87,6075
87,3852
87,6076
87,6077
87,6078
87,6079
88,1436
88,1951
88,3151
88,6472
88,8893
88,9624
88,15989
88,20220
88,21203
88,25542
88,36385
88,36793
88,38659
88,38486
88,49122
88,49305
88,76976
88,93269
88,98394
88,161001
88,161097
88,222267
88,235243
88,266359
88,321919
88,370176
88,424734
88,604155
89,56
89,143
89,73
89,511
89,732
89,1050
89,1181
89,1132
89,974
89,1443
89,1732
89,1543
89,1664
89,1796
89,1721
89,1630
89,1930
89,2556
89,2521
89,2522
89,2913
89,2886
89,2858
89,2786
89,2914
89,3010
89,2863
89,3011
89,3058
89,3417
89,4589
89,5648
89,5652
89,5750
89,6273
89,6276
89,6178
89,6351
89,6339
89,6569
89,6570
89,8678
89,24276
89,27165
89,69960
90,7
90,153
90,173
90,288
90,99
90,157
90,263
90,208
90,283
90,158
90,238
90,189
90,60
90,419
90,842
90,1594
90,1610
90,1838
90,1711
90,2480
90,190
90,4470
90,5014
90,5843
90,6161
90,6761
90,6705
90,7270
90,7741
90,7977
90,8235
90,8645
90,8905
90,5867
90,10571
90,10761
90,10633
90,11650
90,13136
90,16419
90,18193
90,19931
90,23824
90,24096
90,26397
90,27308
90,28815
90,32271
90,39437
90,39568
90,43527
90,47927
90,48016
90,67183
90,68982
90,73472
90,75441
90,78329
90,136702
90,173044
90,219019
90,240545
90,244207
90,350757
90,690314
90,816246
91,18
91,25
91,29
91,31
91,40
91,79
91,137
91,153
91,83
91,155
91,98
91,468
91,1622
91,6938
91,6997
91,6617
91,106
91,163
91,6936
91,1033
91,6999
91,1110
91,51
91,5555
91,4516
91,2
91,1106
91,731
91,7398
91,7005
91,2953
91,576
91,462
91,461
91,71
91,453
91,1652
91,815
91,7010
91,7016
91,7120
91,7138
91,139
91,450
91,124
91,6230
91,1210
91,6935
91,4862
91,746
91,4528
91,771
91,6937
91,7133
91,7682
91,7684
91,7685
91,7687
91,7688
91,7690
91,7878
91,7879
91,7880
91,7882
91,7883
91,7885
91,7887
91,7889
91,7891
91,1799
91,7893
91,7894
91,7895
91,2802
91,7897
91,7898
91,3154
91,2028
91,4209
91,7966
91,1661
91,3575
91,7967
91,7968
91,7969
91,644
91,7970
91,7971
91,7972
91,1282
91,7973
91,449
91,2257
91,867
91,7974
92,18
92,1692
92,1594
92,678
92,1727
92,1694
92,1724
92,1726
92,1742
92,1698
92,1740
92,1739
92,1687
92,1729
92,1580
92,238
92,814
92,1746
92,155
92,1690
92,430
92,2
92,1567
92,1678
92,1587
92,1634
92,1658
92,1682
92,1582
92,1575
92,1557
92,1562
92,1570
92,1581
92,1638
92,1598
92,1675
92,1735
92,1596
92,1590
92,1747
92,1743
92,1583
92,1695
92,1586
92,1566
92,1595
92,1689
92,1640
92,1741
92,1591
92,1649
92,1676
92,1651
92,1589
92,1683
92,1720
92,1568
92,1744
92,1588
92,1681
92,75
92,1663
92,1685
92,1653
92,1662
92,1684
92,1655
92,1697
92,1722
92,1733
92,1738
92,1680
92,1564
92,1737
92,1660
92,1677
92,1646
92,1645
92,1731
92,1686
92,1679
92,1644
92,1243
92,1986
92,1987
92,1988
92,1989
92,1990
92,1991
92,1992
92,1993
92,1994
92,1995
92,1996
92,1997
92,1998
92,1999
92,2000
92,2001
92,2064
92,2066
92,2067
92,831
92,2069
92,2071
92,2074
93,32
93,36
93,62
93,47
93,1156
93,861
93,647
93,2494
93,2533
93,547
93,1171
93,2541
93,2337
93,2449
93,2487
93,2452
93,1547
93,1178
93,2596
93,2340
93,2538
93,1541
93,709
93,2483
93,1161
93,115
93,2530
93,2450
93,1148
93,2451
93,1299
93,1149
93,110
93,2130
93,964
93,1139
93,2446
93,1458
93,2448
93,2489
93,68
93,2453
93,1012
93,2537
93,2529
93,1507
93,2326
93,1143
93,2342
93,2490
93,1034
93,1167
93,2531
93,24
93,1450
93,1155
93,163
93,2159
93,2338
93,1145
93,2535
93,2138
93,2114
93,1180
93,1186
93,2486
93,1408
93,2488
93,2335
93,129
93,1163
93,2482
93,483
93,2485
93,2454
93,2481
93,1174
93,2447
93,1033
93,513
93,2484
93,2
93,2867
93,124
93,2868
93,1336
93,96
93,2050
93,1188
93,2869
93,2870
93,1335
93,1610
93,2871
93,154
93,1710
93,1338
93,2872
93,2873
93,2874
93,2886
93,2887
93,2888
93,2889
93,1210
94,47
94,2983
94,2984
94,54
94,2460
94,2044
94,2931
94,2938
94,2939
94,1709
94,2941
94,2940
94,2937
94,2338
94,2
94,2986
94,22
94,2933
94,1052
94,2932
94,2950
94,1050
94,2948
94,2930
94,1628
94,2944
94,2154
94,1635
94,2985
94,135
94,2935
94,1073
94,3098
94,3099
94,3100
94,3101
94,3102
94,2910
94,3103
94,57
94,3148
94,3149
94,3150
94,142
94,3151
94,664
94,3152
94,2153
94,3153
94,1625
94,3154
94,1202
94,3155
94,1524
94,1132
94,3156
94,1051
95,3357
95,3313
95,3372
95,2
95,3253
95,3264
95,3483
95,3318
95,3627
95,3320
95,3304
95,3499
95,3496
95,3371
95,3249
95,3300
95,3582
95,3257
95,3302
95,3317
95,3314
95,3246
95,3256
95,3322
95,3374
95,3594
95,3261
95,3628
95,1477
95,3247
95,3366
95,3501
95,3575
95,3373
95,3263
95,3299
95,3495
95,3045
95,2336
95,3252
95,3584
95,3486
95,3365
95,3375
95,3589
95,3255
95,3493
95,3364
95,3254
95,3581
95,3585
95,3293
95,3295
95,3489
95,3265
95,3367
95,3315
95,3297
95,3251
95,3580
95,3578
95,3294
95,4808
95,4809
95,1058
95,4810
95,4811
95,4812
96,47
96,55
96,56
96,68
96,156
96,1529
96,4073
97,1027
97,12570
97,12701
97,22567
97,31515
97,34956
97,37959
97,38301
97,38096
97,38987
97,80623
97,104083
97,150288
97,154239
97,162164
97,164898
97,183961
97,242673
97,242720
97,243067
97,268127
97,453751
97,475769
98,40
98,125
98,65
98,83
98,156
98,5409
98,2502
98,91
98,2
98,5405
98,2817
98,450
98,5306
98,462
98,106
98,5390
98,5393
98,1033
98,44
98,124
98,844
98,5313
98,739
98,468
98,161
98,2953
98,71
98,5199
98,4961
98,1492
98,1054
99,173
99,115
99,283
99,60
99,734
99,1078
99,2978
99,3185
99,3273
99,3303
99,3275
99,3188
99,3277
99,3234
99,3270
99,195
99,4470
99,5809
99,5810
99,5812
99,5972
99,5846
99,5981
99,5851
99,5795
99,5986
99,5386
99,6160
99,6161
99,6165
99,5806
99,6166
100,83
100,85
100,114
100,116
100,617
100,531
100,610
100,535
100,724
100,1227
100,1477
100,1641
100,1441
100,1644
100,1721
100,1935
100,2560
100,3387
100,3401
100,3403
100,3131
100,3478
100,3766
100,4192
100,5006
100,5406
100,5669
100,6567
100,6639
100,6554
100,6643
100,6724
100,6714
100,6725
100,6873
100,6859
100,6727
100,6850
100,6861
100,6994
100,6865
100,6996
100,7177
100,6998
100,7179
100,7337
100,7352
100,7166
100,7181
100,7183
100,7000
100,7354
100,6990
100,7186
100,7171
100,7006
100,7350
100,7358
100,8443
100,18242
100,23122
100,27106
100,47088
100,64784
101,56
101,57
101,58
101,2504
101,8071
101,7924
101,7574
101,1613
101,8375
101,8475
101,7634
101,8387
101,5644
101,7569
101,8372
101,1337
101,1086
101,8252
101,8472
101,2061
101,7566
101,8486
101,2978
101,609
101,7736
101,8382
101,8368
101,4600
101,3062
101,8385
101,610
101,867
101,8473
101,8391
101,2
101,2944
101,3561
101,8378
101,8242
101,1409
101,8474
101,3557
101,22
101,8066
101,3483
101,7637
101,7642
101,7753
101,8072
101,5386
101,7641
101,8489
101,2914
101,5412
101,7553
101,7636
101,7931
101,7635
101,7760
101,7755
101,7640
101,7558
101,7762
101,3158
101,531
101,7638
101,7921
101,7639
101,7747
101,8158
101,7759
101,8074
101,6502
101,1415
101,8059
101,8061
101,1930
101,7739
101,861
101,3556
101,8364
101,460
101,3942
101,5986
101,3586
101,2752
101,8480
101,547
101,7563
101,1526
101,8077
101,7938
101,8245
101,5419
101,5426
101,7644
101,8361
101,8247
101,8238
101,8237
101,1768
101,8484
101,8392
101,8388
101,1308
101,8482
101,8073
101,8232
101,8160
101,8156
101,8159
101,7741
101,8157
101,8155
101,7936
101,2969
101,8067
101,7550
101,2257
101,8389
101,2912
101,8147
101,7757
101,4948
101,8234
101,8230
101,926
101,8068
101,7761
101,3057
101,8250
101,8367
101,8479
101,7633
101,8154
101,8069
101,686
101,7750
101,8151
101,7926
101,928
101,8153
101,2881
101,7928
101,3895
101,8635
101,7922
101,4830
101,7733
101,1943
101,8222
101,8229
101,8064
101,2928
101,8227
101,1414
101,5984
101,8152
101,7754
101,8075
101,8150
101,8148
101,8149
101,9467
101,640
101,7768
101,9471
101,154
101,9476
101,9478
101,6574
101,1045
101,9482
101,9485
101,9487
101,9488
101,1609
101,9491
101,1384
101,2850
101,1133
101,3852
101,2358
102,42
102,96
102,100
102,60
102,1353
102,3268
102,3272
102,4476
102,4668
102,6377
102,6375
102,7897
102,8246
102,8467
102,8365
102,8544
102,8772
102,9383
102,12042
102,16167
102,17421
102,17963
102,18101
102,17951
102,18653
102,19284
102,20419
102,22760
102,23884
102,23931
102,23610
102,23937
102,24099
102,24925
102,25841
102,26705
102,27202
102,28925
102,29016
102,28932
102,30088
102,30336
102,30291
102,30089
102,30744
102,33532
102,34371
102,35078
102,35094
102,35098
102,35843
102,37202
102,38772
102,44640
102,44994
102,48506
102,50347
102,50653
102,51164
102,55234
102,59051
102,59956
102,69766
102,71855
102,77105
102,77282
102,77365
102,77369
102,77291
102,77473
102,82503
102,83564
102,86018
102,97741
102,100940
102,116094
102,129996
102,137696
102,148151
102,159508
102,185622
102,371214
102,1157319
105,111
105,114
105,681
105,1210
105,1400
105,1106
105,5986
105,28929
105,48839
105,57281
106,18
106,25
106,29
106,40
106,43
106,153
106,113
106,125
106,56
106,83
106,130
106,155
106,57
106,98
106,91
106,159
106,161
106,1033
106,22
106,461
106,7123
106,10315
106,51
106,928
106,1121
106,2788
106,462
106,1477
106,10222
106,5383
106,61
106,10311
106,1592
106,2837
106,861
106,706
106,2862
106,3942
106,1162
106,2476
106,71
106,619
106,133
106,4035
106,734
106,1438
106,1122
106,163
106,844
106,5574
106,2367
106,1414
106,1224
106,2781
106,8374
106,10474
106,124
106,2040
106,10223
106,1418
106,7489
106,1624
106,487
106,7696
106,11034
106,139
106,1097
106,11045
106,4463
106,3040
106,11048
106,11050
106,169
106,11052
106,724
106,1306
106,46
106,431
106,454
107,31
107,44
107,928
107,1033
107,1623
107,1102
107,1122
107,1624
107,1121
107,1119
107,80
107,453
107,1688
107,1126
107,1691
107,1693
108,28
108,63
108,111
108,114
108,68
108,694
108,685
108,964
108,982
108,1000
108,974
108,1210
108,1016
108,1106
108,1422
108,1449
108,1669
108,2132
108,2581
108,2816
108,2914
108,3010
108,3234
108,3558
108,3346
108,3759
108,3761
108,3557
108,3984
108,4698
108,5986
108,11510
108,11574
108,13940
108,15285
108,20793
108,31761
108,75126
108,83073
108,104068
109,47
109,86
109,156
109,531
109,610
109,1298
109,1668
109,1764
109,2589
109,2638
109,2874
109,3168
109,3728
109,4209
109,4698
109,4713
109,5597
109,10063
109,12711
109,13225
109,16230
109,16315
109,17700
109,26898
109,30342
109,397112
110,93
110,1128
110,1563
110,14244
110,15638
110,17216
110,20368
110,60759
110,63814
110,221180
111,114
111,156
111,964
111,1012
111,960
111,1301
111,1419
111,2133
111,2162
111,2134
111,2154
111,2158
111,2135
111,2160
111,2367
111,2143
111,2371
111,24463
111,25783
111,72050
112,707
112,2501
112,2560
112,1593
112,2552
112,2499
112,2138
112,2491
112,2556
112,163
112,1431
112,145
112,132
112,1128
113,2783
113,2781
113,1162
113,46
113,2692
113,2857
113,744
113,2785
113,2782
113,2824
113,2776
113,2048
113,2822
113,2787
113,2825
113,2778
113,2856
113,2777
113,1532
113,2662
113,460
113,2780
113,2693
113,2691
113,2820
113,2696
113,106
113,2779
113,2862
113,294
113,277
113,2688
113,1418
113,913
113,2686
113,1046
113,2499
113,2934
113,2936
113,2988
113,2989
113,2991
113,1670
113,724
113,2992
113,2993
113,2995
113,2997
113,2999
113,3001
113,100
113,1633
113,590
113,3003
113,1701
113,3005
113,3006
113,3007
113,3008
113,3038
113,3039
113,3040
113,3042
113,3044
113,683
113,3046
113,2239
113,3047
113,3048
113,3049
113,3050
113,3051
113,3052
114,992
114,460
114,105
114,2625
114,3459
114,3666
114,2603
114,3416
114,3338
114,3159
114,73
114,972
114,108
114,3559
114,2366
114,3460
114,1613
114,3168
114,3554
114,3557
114,3669
114,3558
114,3171
114,2696
114,3572
114,3220
114,2370
114,3409
114,1016
114,3982
114,3984
114,3568
114,3987
114,2873
114,908
114,3990
114,3992
115,36
115,93
115,1172
115,3561
115,158
115,513
115,2831
115,4600
115,1155
115,1199
115,1200
115,4126
115,1145
115,1207
115,37
115,4416
115,4066
115,2892
115,1148
115,3844
115,99
115,4418
115,1156
115,4131
115,4067
115,1171
115,4128
115,3063
115,1181
115,593
115,1163
115,133
115,1210
115,1097
115,1186
115,129
115,1180
115,4132
115,1196
115,1725
115,96
115,1166
115,509
115,1224
115,4607
115,1070
115,1511
115,1307
115,5032
115,5033
115,5034
115,5036
115,5038
115,5040
115,5042
115,5044
115,1298
115,4966
115,5048
115,684
115,2029
115,5077
115,5078
115,154
115,5079
115,694
115,1161
115,1164
115,5081
115,5083
115,2153
116,30
116,138
116,5332
116,5443
116,1004
116,1094
116,2806
116,5335
116,5220
116,1268
116,20
116,5455
116,5229
116,5334
116,5219
116,5446
116,5450
116,1068
116,2833
116,1227
116,5330
116,5331
116,5226
116,1072
116,5453
116,5329
116,5328
116,5336
116,5323
116,4459
116,78
116,100
116,5327
116,5717
116,5718
116,5719
116,5720
116,5721
116,5722
116,5744
116,5745
116,5746
117,1472
118,6020
118,6017
119,168
119,172
119,140
119,746
119,1041
119,1132
119,1624
119,1613
119,1641
119,1792
119,2634
119,2625
119,2903
119,2915
119,2877
119,2921
119,2925
119,2927
119,3471
119,4072
119,4073
119,4209
119,5746
119,6627
119,6850
119,11727
119,17522
119,22135
119,24251
119,40276
119,40342
119,77784
119,78560
119,79907
119,148707
119,310806
120,87
120,19745
120,23164
120,23828
120,36771
120,36926
120,38078
120,53892
120,126204
120,573207
122,131
122,568
122,1047
122,1050
122,1102
122,1132
122,1821
122,2249
122,2609
122,3438
122,3453
122,3387
122,3427
122,3451
122,3896
122,5495
122,7853
122,8137
122,12303
122,12188
122,13205
122,13295
122,13209
122,13291
122,13721
122,15092
122,15031
122,16046
122,16862
122,17151
122,18208
122,21272
122,21810
122,23503
122,24079
122,24290
122,25104
122,28564
122,28689
122,30075
122,30478
122,33985
122,37295
122,37225
122,40900
122,43675
122,43748
122,45734
122,46466
122,46735
122,47962
122,49694
122,59291
122,61733
122,67495
122,81488
122,84048
122,87142
122,89144
122,91378
122,130172
122,131703
122,151171
122,156187
122,161907
122,165818
122,185469
122,222853
122,222811
122,233011
122,246390
122,259095
122,274016
122,274112
122,277609
122,366173
122,446737
122,689106
123,1790
123,2048
123,2042
123,1751
123,652
123,1813
123,1765
123,2328
123,1291
123,1955
123,2102
123,2031
123,2096
123,1817
123,1943
123,1954
123,1947
123,1821
123,2040
123,2045
123,2035
123,2319
123,1819
123,2332
123,2098
123,2306
123,1787
123,2314
123,2334
123,2097
123,2107
123,1767
123,1763
123,2104
123,1965
123,1797
123,2047
123,1756
123,1754
123,1941
123,2043
123,2336
123,1759
123,1810
123,2109
123,1273
123,1807
123,2032
123,1232
123,2532
123,2534
123,2536
123,2539
123,2542
123,2275
123,2544
123,1654
123,2547
123,2549
123,2597
123,2598
123,2599
123,670
123,2600
123,2601
123,2602
123,2603
123,2604
123,2605
123,2606
123,2607
123,2608
123,2609
123,2610
123,2611
123,2612
123,2613
123,2614
123,2615
123,2049
123,2647
123,2648
124,25
124,29
124,31
124,32
124,40
124,153
124,55
124,56
124,83
124,155
124,57
124,98
124,156
124,135
124,91
124,159
124,161
124,106
124,61
124,453
124,163
124,534
124,461
124,450
124,619
124,487
124,844
124,815
124,731
124,706
124,734
124,1298
124,1093
124,1106
124,1532
124,1306
124,1624
124,1663
124,1794
124,1665
124,2958
124,2848
124,3482
124,3698
124,5383
124,6767
124,7123
124,11052
124,11574
124,16294
124,20252
124,22553
124,24638
124,30181
124,51699
124,55779
124,75856
124,121378
124,166437
125,2842
125,2831
125,2841
125,1033
125,2834
125,61
125,2837
125,2827
125,44
125,130
125,2838
125,83
125,2904
125,2828
125,1278
125,2826
125,133
125,617
125,655
126,2168
126,5363
126,6201
126,7487
126,14320
126,18344
126,23642
126,27473
126,31010
126,36380
126,36516
126,46587
126,46809
126,49635
126,55775
126,62870
126,86251
126,201826
126,238310
126,366317
126,419493
127,158
127,694
127,598
127,1219
127,1079
127,1449
127,1772
127,1644
127,1734
127,1794
127,1483
127,1843
127,3063
127,2978
127,2921
127,3273
127,2880
127,3568
127,4687
127,5303
127,5511
127,5130
127,6570
127,7625
127,11413
127,11534
127,12514
127,13482
127,14867
127,16146
127,16862
127,18818
127,20598
127,23152
127,23718
127,23802
127,25065
127,27192
127,27486
127,28912
127,34871
127,38248
127,97669
127,264502
128,873
128,1250
128,2358
128,2330
128,3045
128,3170
128,3372
128,8362
128,8942
128,12043
128,12326
128,12811
128,13648
128,15165
128,20903
128,22144
128,22324
128,22513
128,23025
128,24231
128,24090
128,31247
128,32788
128,35770
128,37896
128,38771
128,39794
128,42023
128,43861
128,50091
128,57732
128,85790
128,87419
128,173869
128,249469
128,259992
128,286552
128,423667
129,32
129,36
129,47
129,111
129,93
129,72
129,115
129,73
129,156
129,522
129,461
129,1174
129,1145
129,1181
129,1196
129,1292
129,1131
129,1148
129,1161
129,1309
129,1163
129,1298
129,1025
129,1168
129,1171
129,1155
129,1156
129,1392
129,1669
129,1834
129,1985
129,2154
129,4322
129,4323
129,4698
129,4321
129,4855
129,5078
129,7015
129,8611
129,11276
129,14583
129,16114
129,20143
129,20553
129,20319
129,20780
129,20595
129,23030
129,26522
129,30849
129,31186
129,32109
129,32146
129,34923
129,48683
129,48684
129,160780
130,31
130,80
130,125
130,83
130,3383
130,1128
130,57
130,3379
130,1524
130,3382
130,3453
130,1033
130,1101
130,3377
130,106
130,1532
130,3457
130,1126
130,131
130,3438
130,71
130,3385
130,1117
130,1121
130,3393
130,3376
130,1112
130,1122
130,3442
130,3696
130,3698
131,31
131,83
131,130
131,3896
131,3895
131,1128
131,122
131,3848
131,3851
131,3387
131,3453
131,2827
131,3844
131,3845
131,3846
131,3847
131,731
131,3457
131,1532
131,1524
131,3850
131,3852
131,3893
131,2264
131,3038
131,1037
131,3438
131,3393
131,3442
131,1468
131,1132
131,2846
131,3924
131,1121
131,4057
133,31
133,79
133,153
133,65
133,125
133,83
133,57
133,131
133,115
133,91
133,106
133,163
133,531
133,610
133,694
133,1114
133,1128
133,1181
133,1278
133,1196
133,960
133,1166
133,1392
133,1668
133,1617
133,2367
133,2357
133,2848
133,2863
133,3170
133,3417
133,3698
133,3554
133,4195
133,10265
133,13270
133,13594
133,14741
133,16582
133,16887
133,22146
133,29708
133,30562
133,79537
133,219635
133,255564
133,255762
133,255840
133,255566
133,302485
133,1316842
134,10
134,57
134,135
134,538
134,1282
134,1223
134,1528
134,1663
134,1665
134,2569
134,3568
134,5508
134,5972
134,12325
134,12223
134,19367
134,19333
134,24641
134,30856
134,36469
134,48809
134,60650
135,32
135,62
135,94
135,142
135,156
135,143
135,430
135,5621
135,5672
135,5393
135,3402
135,2831
135,5625
135,1033
135,66
135,4328
135,5439
135,5300
135,5734
135,1689
135,2953
135,458
135,5632
135,5673
135,5671
135,5612
135,4853
135,1710
135,5670
135,1206
135,5448
135,5189
135,4855
135,49
135,5436
135,5199
135,4864
135,5195
135,5202
135,5422
135,5298
135,5201
135,5307
135,1396
135,5302
135,5303
135,2975
135,2494
135,1156
135,2154
135,5613
135,1594
135,1670
135,721
135,5617
135,2817
135,5736
135,1182
135,1707
135,5190
135,145
135,144
135,2584
135,1391
135,2582
135,4869
135,1242
135,5733
135,1250
135,1529
135,5813
135,5616
135,5427
135,160
135,5197
135,5815
135,5296
135,1248
135,5180
135,1518
135,5814
135,4474
135,5615
135,5677
135,4035
135,5675
135,5623
135,1528
135,2931
135,5627
135,5738
135,1549
135,600
135,3156
135,1155
135,5399
135,165
135,2460
135,5678
135,896
135,3924
135,1154
135,5669
135,124
135,5674
135,5426
135,5676
135,134
135,1163
135,1901
135,2908
135,126
135,7695
135,7696
135,1069
135,3853
135,7697
135,7698
135,7699
135,7700
136,86
136,7872
136,8018
136,8035
136,5174
136,7860
136,7873
136,8022
136,3363
136,8024
136,8029
136,8020
136,8016
136,7855
136,8135
136,8131
136,7863
136,7869
136,1033
136,7858
136,7870
136,7871
136,1821
136,7853
136,8027
136,7874
136,7851
136,8032
136,3881
136,8034
136,8038
136,7865
136,8140
136,8139
136,8129
136,4808
136,8126
136,8044
136,8041
136,8133
136,8138
136,7867
136,8137
136,3038
136,8045
136,7848
136,8037
136,8433
136,8435
136,8437
136,8439
136,8441
136,8443
136,8444
136,8445
136,8446
136,8447
136,8448
136,8449
136,8450
136,8577
136,1291
136,2646
136,8578
136,8579
136,5262
136,8580
136,8581
136,4026
137,32
137,79
137,1829
137,44
137,1173
137,1206
137,430
137,1831
137,1972
137,91
137,1033
137,1648
137,1656
137,1789
137,1468
137,2058
137,1834
137,1584
137,166
137,1162
137,1164
137,1971
137,1901
137,2053
137,2063
137,2072
137,1828
137,2350
137,1617
137,1836
137,1805
137,1811
137,1151
137,2026
137,1985
137,1964
137,1161
137,1833
137,1983
137,2061
137,2054
137,1832
137,1182
137,1899
137,2055
137,2353
137,2355
137,1892
137,2348
137,2346
137,1902
137,144
137,2345
137,64
137,1894
137,75
137,2343
137,2052
137,2070
137,533
137,2056
137,2059
137,1577
137,1189
137,1895
137,1900
137,1168
137,1984
137,1980
137,1974
137,1976
137,1979
137,1982
137,652
137,1163
137,1824
137,1898
137,1981
137,2573
137,2574
137,1701
137,2641
137,2642
137,132
137,2643
137,1188
137,2644
137,163
137,2645
137,2351
137,2646
138,2705
138,2706
138,2710
138,2712
138,2811
138,2833
139,40
139,79
139,123
139,153
139,64
139,83
139,86
139,115
139,132
139,91
139,159
139,453
139,163
139,531
139,461
139,463
139,716
139,706
139,1112
139,1114
139,1128
139,1122
139,1278
139,1280
139,1282
139,1166
139,1289
139,1246
139,1306
139,1332
139,1652
139,1980
139,2120
139,2319
139,2262
139,2323
139,2584
139,2531
139,2236
139,2887
139,2862
139,2818
139,3624
139,3755
139,3855
139,3942
139,4855
139,4705
139,5616
139,5781
139,6644
139,7352
139,7770
139,8369
139,13864
139,13996
139,14227
139,14113
139,14221
139,15196
139,17082
139,23594
139,24451
139,26353
139,28030
139,28327
139,28253
139,29705
139,31844
139,36644
139,44242
139,187339
140,55
140,588
140,612
140,1391
140,1624
140,1640
140,1528
140,1641
140,1826
140,2336
140,2693
140,2750
140,4068
140,4070
140,4071
140,4072
140,4142
140,4073
140,4026
140,4134
140,4136
140,4016
140,4138
140,4141
140,4036
140,20948
140,484619
141,4509
141,4852
141,4754
141,4300
141,4737
141,4739
141,4519
141,4529
141,4848
141,4743
141,4851
141,4846
141,4309
141,4738
141,4315
141,4932
141,4311
141,4854
141,4312
141,4734
141,4527
141,4515
141,4307
141,4521
141,4749
141,4741
141,4847
141,4842
141,4751
141,2604
141,4840
141,4835
141,4305
141,4746
141,4841
141,4833
141,4506
141,4934
141,4850
141,4530
141,4317
141,4510
141,4523
141,4297
141,4513
141,4845
142,29
142,137
142,135
142,22
142,1034
142,5506
142,1709
142,2939
142,5505
142,5511
142,416
142,2338
142,2138
142,699
142,1628
142,5384
142,70
142,73
142,2153
142,3479
142,4330
142,3942
142,5682
142,1057
142,144
142,154
142,1336
142,639
143,79
143,135
143,89
143,5941
143,5945
143,1707
143,5944
143,741
143,5399
143,1077
143,457
143,6218
143,6407
143,1404
143,5189
143,6404
143,5939
143,5946
143,6213
143,600
143,1528
143,6257
143,2931
143,6397
143,5940
143,2382
143,1516
143,5947
143,1664
143,6092
143,6346
143,6345
143,4797
143,5908
143,2164
143,4074
143,5736
143,6340
143,3058
143,1039
143,5906
143,5904
143,4416
143,5421
143,5648
143,6402
143,4589
143,1246
143,6100
143,6188
143,6192
143,3085
143,516
143,6348
143,709
143,6336
143,6406
143,1698
143,6339
143,1549
143,6106
143,6405
143,6403
143,1391
143,5410
143,6410
143,6401
143,6342
143,5733
143,6196
143,2249
143,2582
143,1962
143,5616
143,2333
143,6337
143,6209
143,6338
143,6341
143,6343
143,6200
143,6095
143,3393
143,3064
143,3730
143,4474
143,1543
143,3148
143,1718
143,6102
143,6104
143,2911
143,5907
143,1441
143,6098
143,6178
143,6089
143,5909
143,1242
143,6184
143,3924
143,2886
143,1732
143,1046
143,6174
143,1487
143,160
143,1633
143,6964
143,4857
143,6966
143,6967
143,6969
143,4294
143,1656
143,171
143,3052
143,2275
143,3063
143,152
143,7051
143,7052
143,1089
143,7053
143,6653
143,7054
143,1612
143,1190
143,7055
144,79
144,137
144,96
144,58
144,135
144,535
144,487
144,672
144,724
144,694
144,744
144,628
144,716
144,778
144,731
144,1047
144,736
144,1050
144,1088
144,1132
144,1210
144,1412
144,1390
144,1643
144,1734
144,1794
144,1864
144,1785
144,1811
144,2358
144,2693
144,2978
144,3063
144,3154
144,3417
144,3894
144,4192
144,4793
144,5258
144,5363
144,5986
144,6276
144,6497
144,7223
144,7266
144,7227
144,7372
144,7459
144,7228
144,7229
144,7363
144,7290
144,7466
144,7364
144,7598
144,7599
144,7836
144,7732
144,7661
144,7662
144,7735
144,8678
144,9415
144,13225
144,21810
144,27905
144,35042
144,41680
144,47863
144,290512
145,63
145,57
145,68
145,132
145,135
145,100
145,515
145,636
145,685
145,1052
145,1524
145,1931
145,2862
145,3156
145,3530
145,3854
145,8480
145,14684
145,17492
145,17401
145,20598
145,23642
145,25130
145,28142
145,69703
146,79
146,8556
146,8477
146,1584
146,8655
146,3763
146,8362
146,8374
146,8228
146,8358
146,4026
146,527
146,2055
146,8783
146,8569
146,1047
146,8546
146,6341
146,2035
146,3622
146,4793
146,2612
146,7598
146,8377
146,2953
146,8563
146,8787
146,8571
146,1519
146,8789
146,724
146,8176
146,8220
146,792
146,8209
146,1719
146,8654
146,1033
146,3895
146,8788
146,8873
146,2239
146,8785
146,8784
146,1831
146,1503
146,8653
146,1254
146,8354
146,8559
146,1440
146,8882
146,8380
146,8383
146,8386
146,8879
146,2332
146,8859
146,628
146,6728
146,8877
146,3438
146,8658
146,8652
146,1492
146,8660
146,906
146,1639
146,5363
146,8576
146,4619
146,7138
146,1270
146,1027
146,8790
146,8566
146,1046
146,8231
146,7735
146,8561
146,5710
146,4035
146,8555
146,586
146,1045
146,7848
146,1790
146,1640
146,8656
146,1870
146,8786
146,8217
146,8226
146,8657
146,747
146,9412
146,9413
146,1129
146,9415
146,5086
146,9539
147,55
147,85
147,140
147,100
147,736
147,1255
147,1028
147,2750
147,3141
147,3401
147,3473
147,4516
147,4989
147,5192
147,8569
147,11261
147,11608
147,13938
147,15305
147,15341
147,16464
147,16720
147,24856
147,31132
147,36733
147,46809
147,49122
147,55459
147,62787
147,62790
147,77546
147,226323
147,226392
147,362634
147,683142
148,63
148,68
148,58
148,948
148,1767
148,1763
148,1612
148,2825
148,1498
148,3666
148,10067
148,460
148,3987
148,9802
148,9800
148,9799
148,1792
148,5422
148,731
148,22
148,5710
148,9985
148,9991
148,4622
148,746
148,2843
148,1037
148,4700
148,2595
148,893
148,1654
148,9910
148,598
148,7290
148,10464
148,10466
148,10468
148,3230
148,10471
148,1613
148,6075
148,1049
148,1882
148,3942
148,10562
148,10563
148,10564
148,10566
149,10707
149,10705
149,10702
149,10701
149,10704
150,96
150,1764
152,1529
152,2562
152,6481
152,12215
152,35189
152,36381
152,96261
152,1175434
155,92
155,153
155,83
155,57
155,159
155,22
155,3561
155,1336
155,1064
155,1066
155,2138
155,2603
155,3630
155,451
155,2531
155,2866
155,3138
155,1024
155,3482
155,3472
155,3570
155,3475
155,1094
155,416
155,861
155,3636
155,2871
155,1079
155,1509
155,699
155,3479
155,3563
155,3476
155,3568
155,124
155,163
155,162
155,51
155,3471
155,3574
155,3936
155,3937
155,3939
155,3940
155,3942
155,453
155,3943
155,3944
155,1081
155,468
155,3946
155,3948
155,466
155,151
155,3949
156,111
156,135
156,5523
156,1901
156,4855
156,1710
156,4853
156,458
156,5591
156,2531
156,5515
156,4864
156,109
156,1171
156,4872
156,4876
156,1670
156,2499
156,3726
156,5518
156,4862
156,4869
156,1529
156,5435
156,1391
156,1122
156,170
156,124
156,2874
156,165
156,4857
156,5514
156,5520
156,1210
156,2925
156,4328
156,5735
156,4596
157,16
157,6035
157,6515
157,6214
157,4453
157,5936
157,6027
157,3180
157,6355
157,6026
157,6528
157,6434
157,1555
157,6438
157,6039
157,6517
157,6362
157,5867
157,6523
157,6435
157,6360
157,6431
157,6028
157,6525
157,6353
157,6370
157,6359
157,6524
157,6024
157,6040
157,6186
157,5875
157,6195
157,5865
157,6023
157,5850
157,5852
157,5866
157,5874
157,6199
157,5862
157,5872
157,6354
157,6356
157,6365
157,6361
157,6030
157,6180
157,5861
157,6221
157,6212
157,6037
157,90
157,6228
157,5289
157,6358
157,6031
157,6367
157,6033
157,690
157,6038
157,6521
157,6530
157,4652
157,3273
157,6357
157,6227
157,419
157,6428
157,5118
157,6424
157,6369
157,4885
157,6225
157,6429
157,6363
157,4903
157,4660
157,5868
157,6029
157,6208
157,5864
157,6366
157,6193
157,6527
157,6430
157,6511
157,6364
157,5870
157,6036
157,158
157,6432
157,6436
157,4890
157,420
157,6976
157,6977
157,6978
157,6980
157,6982
157,7056
157,1891
157,7057
157,1830
157,7058
157,7059
157,7060
157,7061
157,7062
157,7063
158,7
158,16
158,27
158,115
158,157
158,8314
158,7056
158,8399
158,8808
158,8500
158,7626
158,6517
158,7619
158,8306
158,1416
158,8586
158,3013
158,8589
158,7251
158,8502
158,5864
158,6029
158,421
158,8679
158,7630
158,8681
158,6435
158,8311
158,7255
158,90
158,8680
158,8582
158,6354
158,6030
158,8398
158,7627
158,1555
158,7375
158,1672
158,1489
158,7257
158,772
158,7631
158,7541
158,7625
158,3180
158,6515
158,5849
158,7547
158,8394
158,8291
158,8359
158,6791
158,7623
158,8682
158,1179
158,8684
158,7548
158,2450
158,6527
158,6432
158,7258
158,1439
158,8289
158,6428
158,7382
158,419
158,6227
158,8492
158,8495
158,8296
158,4885
158,5118
158,4652
158,127
158,6653
158,3432
158,6366
158,8678
158,420
158,8809
158,8806
158,8313
158,8304
158,2820
158,7536
158,6193
158,7628
158,5802
158,8281
158,2921
158,873
158,6530
158,7384
158,5289
158,7061
158,5209
158,7632
158,8587
158,8285
158,7563
158,7062
158,8310
158,8393
158,8490
158,7059
158,8494
158,1535
158,8631
158,9504
158,9505
158,9506
158,9507
158,9508
158,9509
158,9510
158,676
158,9511
158,9512
158,3990
158,9595
158,3181
158,9599
158,9600
158,1882
158,9603
159,155
159,96
159,1418
159,124
159,416
159,3468
159,460
159,2548
159,9765
159,2612
159,2691
159,71
159,9766
159,910
160,135
160,469
160,617
160,619
160,590
160,1027
160,1524
160,1599
160,1628
160,2782
160,2754
160,2973
160,4619
160,4621
160,5677
160,5367
160,6758
160,7596
160,32264
160,32791
160,39896
160,43234
160,111536
160,243243
161,65
161,83
161,98
161,106
161,10080
161,10074
161,10075
161,10073
161,10070
161,61
161,10134
161,1033
161,124
161,10072
161,1029
161,714
161,7752
161,10136
161,10221
161,1998
161,149
162,155
162,57
162,132
162,96
162,142
162,118
162,143
162,75
162,148
162,8153
162,2941
162,10436
162,163
162,5396
162,1524
162,515
162,695
162,10480
162,1083
162,10430
162,10427
162,9513
162,416
162,1259
162,5508
162,10433
162,1509
162,2947
162,1124
162,10482
162,9766
162,10481
162,2257
162,1087
162,4700
162,10830
162,749
162,124
162,3417
162,78
162,10834
162,9917
162,2428
162,126
162,3755
162,3154
162,11020
162,11021
162,2831
162,3924
162,2873
162,160
162,54
162,151
162,11022
162,2658
162,1626
163,18
163,19
163,30
163,31
163,34
163,40
163,107
163,153
163,93
163,112
163,155
163,131
163,132
163,91
163,75
163,159
163,106
163,162
163,461
163,744
163,1041
163,1505
163,1409
163,1935
163,2529
163,3048
163,2925
163,3755
163,3698
163,4793
163,1891
163,6927
163,5867
163,9415
163,11145
163,11793
163,11608
163,11609
163,11795
163,11727
163,11790
163,11728
163,11729
163,14225
163,31156
163,37578
164,530
164,559
164,585
164,1273
164,2328
164,2373
164,2721
164,2928
164,2914
164,3372
164,3860
164,5386
164,6725
164,7505
164,8611
164,9392
164,9917
164,12816
164,13894
164,13998
164,15253
164,20433
164,20903
164,20906
164,22037
164,22481
164,23027
164,24111
164,25109
164,25480
164,27076
164,27486
164,27665
164,28059
164,28475
164,28752
164,29050
164,29256
164,30287
164,33892
164,36999
164,37230
164,38974
164,39071
164,40119
164,40684
164,41125
164,41645
164,42023
164,42265
164,43477
164,45397
164,52561
164,58537
164,95795
164,102323
164,104586
164,123365
164,134196
164,152598
164,178560
164,205929
164,251051
164,415752
164,535555
164,789817
165,156
165,135
165,73
165,1547
165,12327
165,12222
165,12710
165,12709
165,12326
165,5706
165,12646
165,12649
165,12328
165,12512
165,12227
165,12715
165,3372
165,12816
165,12333
165,1866
165,12223
165,12518
165,12882
165,12883
165,12332
165,12330
165,12220
165,1658
165,12713
165,12814
165,3523
165,9905
165,2620
165,12822
165,12819
165,1125
165,12329
165,12334
165,12818
165,12648
165,12650
165,12225
165,1796
165,1644
165,12325
165,1114
165,12716
165,2693
165,12812
165,4683
165,11413
165,1994
165,12226
165,12815
165,12214
165,12216
165,1679
165,12810
165,12817
165,596
165,3729
165,12707
165,6648
165,2309
165,12523
165,504
165,12056
165,12513
165,6657
165,13169
165,13170
165,1056
165,13171
165,607
165,522
165,2847
165,1058
165,13172
165,13173
165,5079
165,13222
165,13225
166,137
166,144
166,268
166,162
166,14632
166,8315
166,14520
166,3025
166,12816
166,14522
166,13187
166,814
166,14532
166,14526
166,4947
166,3009
166,14659
166,9754
166,2862
166,14529
166,14521
166,14633
166,3397
166,1742
166,14634
166,7265
166,8176
166,14524
166,14534
166,14628
166,14623
166,7597
166,14631
166,3745
166,1440
166,716
166,4322
166,14519
166,14661
166,1794
166,14664
166,14625
166,1663
166,6114
166,1718
166,14919
166,14921
166,14923
166,2550
166,1576
166,14927
166,4035
166,8951
166,5327
166,672
166,14931
166,14932
166,1210
166,747
166,1640
166,724
167,3275
167,3193
167,5571
167,12157
167,26810
167,28301
167,28459
167,28797
167,30252
167,30532
167,39840
167,76402
167,76420
167,78163
167,81270
167,92991
167,102968
167,113614
167,168792
167,169647
167,183602
167,187921
167,211277
167,371025
167,479550
167,1247638
168,56
168,855
168,1417
168,2268
168,2274
168,2289
168,2373
168,2183
168,2184
168,2187
168,2392
168,2427
168,2524
168,2429
168,2191
168,2440
168,2521
168,2563
168,2476
168,2522
169,1196
169,3088
169,11531
169,14519
169,23802
169,512764
170,156
170,531
170,3168
170,3728
170,3568
170,15255
170,24608
170,39691
171,1077
171,6276
172,43
172,55
172,56
172,58
172,73
172,458
172,636
172,694
172,628
172,598
172,731
172,1412
172,1532
172,1156
172,1449
172,1409
172,1629
172,1821
172,2064
172,2638
172,2898
172,2928
172,2609
172,2886
172,2625
172,3020
172,2773
172,3024
172,2892
172,3063
172,3010
172,2896
172,2978
172,2979
172,2915
172,2981
172,2916
172,3154
172,3045
172,3017
172,3068
172,3147
172,2921
172,2923
172,3070
172,2925
172,2926
172,3413
172,3072
172,3074
172,3075
172,3568
172,3949
172,4295
172,5986
172,6339
172,6324
172,7661
172,7741
172,11413
172,13270
172,14658
172,15251
172,15540
172,16864
172,17401
172,20449
172,20859
172,21856
172,22346
172,23718
172,23637
172,23802
172,25156
172,25317
172,25913
172,25795
172,26877
172,33472
172,37328
172,37779
172,40897
172,43675
172,50602
172,52521
172,71053
172,83114
172,87417
172,202637
172,297428
172,333930
173,3307
173,3316
173,3298
173,3355
173,3352
173,3193
173,3353
173,3188
173,2076
173,3319
173,3312
173,3305
173,3183
173,1698
173,60
173,3270
173,3269
173,3274
173,3191
173,3186
173,3179
173,3184
173,3275
173,99
173,3356
173,3182
173,1610
173,3180
173,974
173,3190
173,90
173,3351
173,3296
173,3309
173,3282
173,3273
173,3189
173,3279
173,3181
173,3321
173,3194
173,3268
173,3280
173,538
173,3185
173,3266
173,1018
173,3272
173,3187
173,3192
173,2939
173,3303
173,3354
173,3301
173,2081
173,21
173,3195
173,554
173,3271
173,3323
173,3267
173,283
173,3688
173,3690
174,5
174,15991
174,37676
174,43519
174,52007
174,55291
174,59674
174,61272
174,64611
174,66654
174,66656
174,66660
174,67348
174,82231
174,93999
174,126743
174,127543
174,130522
174,155307
174,158946
174,165631
174,196343
174,196643
174,240374
174,288251
174,288252
174,288255
174,288164
174,337222
174,382000
174,396770
174,446045
174,453080
174,481181
174,533585
174,560337
174,575127
174,605912
174,612107
174,612106
174,628347
174,637964
174,655614
174,680753
174,682265
174,683828
174,683858
174,683859
174,690736
174,693025
174,717443
174,723018
174,797920
174,827391
174,875971
174,937030
174,940260
174,1014310
174,1125590
174,1400447
174,1410469
175,5
175,44824
175,74933
175,307096
175,528346
175,544458
175,641398
175,731828
175,810842
175,1382351
176,5
176,4461
176,4615
176,4599
176,4450
176,4455
176,4469
176,4601
176,4611
176,4452
176,4454
176,4484
176,4486
177,5
177,183
177,180
177,2515
177,68172
177,132330
177,219179
177,287794
177,624501
177,627109
178,5
178,5107
178,5191
178,5282
178,5280
178,5277
178,5117
178,5070
178,5192
178,5182
178,5114
178,5077
178,5196
178,5194
178,5109
178,5284
178,5288
178,5069
178,5172
178,5063
178,5176
178,5111
178,5105
178,5066
178,5174
178,5065
178,5200
178,5186
178,5168
178,5113
178,5067
178,5275
178,5198
178,5187
178,5183
178,5290
178,5166
178,5170
178,3315
178,5178
178,5068
178,4950
178,5286
178,5602
178,5603
178,5604
178,5605
178,5606
178,5607
178,5608
178,5609
178,5610
179,5
179,183
179,5748
179,180
179,2284
179,5751
179,2420
179,177
179,5752
179,5753
179,5754
179,5756
179,5758
179,5760
179,5764
179,5768
179,186
179,5770
179,5772
179,5773
179,5816
179,5817
179,5818
179,2414
180,5
180,183
180,7284
180,7280
180,7362
180,7282
180,7275
180,7287
180,5756
180,7279
180,7277
180,7361
180,2284
180,179
180,186
180,7288
180,177
180,1093
180,7501
180,7502
180,7567
180,7570
180,7572
180,7575
180,7577
180,7579
180,7580
180,7581
180,7583
180,7585
180,7587
180,5818
180,7588
181,5
181,26634
181,28260
181,63093
181,101169
181,120299
181,122162
181,122098
181,154361
181,156094
181,194664
181,202684
181,296024
181,385450
181,467528
181,625083
181,741027
181,848897
181,943573
182,5
182,183
182,64020
182,156998
182,160814
182,365408
182,578215
182,606150
182,633452
182,636765
182,685511
182,687369
182,704380
182,1492674
183,5
183,179
183,2284
183,180
183,2277
183,2269
183,2442
183,2315
183,2420
183,2405
183,182
183,2410
183,2318
183,2305
183,2409
183,2416
183,177
183,2287
183,186
183,185
183,2444
183,2441
183,2414
183,2418
183,2413
183,2280
183,2273
183,2267
183,2322
183,2411
183,2417
183,2445
183,2408
183,2515
183,2517
183,2519
184,5
184,21136
184,33773
184,51136
184,220336
184,403997
184,497807
184,577969
185,5
185,183
185,2676
185,2674
185,2284
185,2675
185,2680
185,2681
185,2736
185,2679
185,2677
185,2732
185,2746
185,2739
185,2733
185,2743
185,2741
185,2738
185,2747
185,2744
185,2748
185,2749
185,2734
185,2672
185,2731
185,2673
185,2299
185,2735
185,186
185,2729
185,2670
185,2519
185,2853
185,2854
185,2855
186,5
186,183
186,185
186,180
186,2284
186,2299
186,2302
186,2515
186,2673
186,2734
186,2738
186,2739
186,2732
186,39429
186,51035
186,51257
186,51258
186,51260
186,51261
186,51254
186,58626
186,59535
186,62745
186,62991
186,66375
186,66740
186,67793
186,81280
186,128343
186,128339
186,152402
186,158953
186,457991
186,593769
186,593802
186,630744
186,783110
188,65078
188,275531
188,996979
188,1102702
189,7
189,265
189,254
189,485
189,15325
189,10645
189,13075
189,13632
189,4776
189,14717
189,11888
189,12956
189,15508
189,13459
189,15335
189,7115
189,14152
189,4772
189,8528
189,7795
189,9832
189,15506
189,12086
189,13810
189,6735
189,9446
189,17077
189,12732
189,11724
189,1750
189,8011
189,9106
189,8280
189,8008
189,11717
189,15223
189,3433
189,8824
189,10037
189,9450
189,11455
189,11466
189,7458
189,8017
189,8796
189,15219
189,12718
189,9847
189,14136
189,13806
189,11885
189,11713
189,15498
189,13792
189,14145
189,12366
189,6468
189,17072
189,14985
189,13264
189,16932
189,10638
189,4766
189,3662
189,9843
189,10771
189,7122
189,9103
189,14737
189,6472
189,13795
189,11709
189,13067
189,7479
189,9441
189,9108
189,12946
189,10047
189,11300
189,11725
189,13629
189,9831
189,14538
189,11900
189,6746
189,13263
189,11132
189,13476
189,9302
189,15340
189,11456
189,8837
189,12939
189,11130
189,14555
189,4931
189,12107
189,10904
189,11450
189,9720
189,13080
189,3652
189,14727
189,12719
189,15505
189,11459
189,13257
189,7803
189,11710
189,11718
189,9710
189,11117
189,9442
189,9708
189,6469
189,8518
189,10921
189,7518
189,10647
189,16936
189,11708
189,7096
189,9296
189,8525
189,7089
189,10658
189,12951
189,11722
189,8827
189,10340
189,10334
189,14149
189,15491
189,13070
189,16925
189,11121
189,8004
189,11120
189,14144
189,12742
189,12365
189,4789
189,10317
189,9294
189,9844
189,13474
189,3664
189,3654
189,13500
189,14966
189,3445
189,13073
189,10915
189,11122
189,7098
189,14732
189,9126
189,11304
189,8834
189,10046
189,13606
189,12737
189,11469
189,9120
189,14730
189,7110
189,7452
189,13616
189,11723
189,13797
189,15492
189,12094
189,12081
189,8831
189,14139
189,13615
189,11896
189,16928
189,17079
189,7104
189,12370
189,12029
189,7102
189,8012
189,10048
189,8519
189,13074
189,6137
189,12372
189,16937
189,17078
189,8268
189,12105
189,16927
189,14967
189,7481
189,6749
189,11895
189,13063
189,13077
189,6467
189,13633
189,10916
189,15497
189,8276
189,6739
189,13076
189,10043
189,7806
189,17073
189,14138
189,17080
189,9846
189,9835
189,14738
189,15337
189,14313
189,9115
189,9438
189,10040
189,12736
189,15210
189,14734
189,13262
189,10041
189,13470
189,15323
189,8270
189,10908
189,7480
189,13261
189,8523
189,9688
189,15338
189,12729
189,10660
189,16938
189,9712
189,13244
189,12084
189,3643
189,13072
189,10320
189,11293
189,11452
189,11715
189,10344
189,14728
189,9687
189,8278
189,12120
189,11299
189,10668
189,12103
189,7100
189,13241
189,9840
189,8030
189,9440
189,14537
189,11294
189,6532
189,4761
189,9110
189,4518
189,13473
189,10649
189,6470
189,8514
189,9287
189,4768
189,13624
189,9303
189,11135
189,9714
189,9127
189,12118
189,14733
189,10922
189,9699
189,10906
189,14982
189,3431
189,8253
189,7792
189,7804
189,15493
189,15503
189,3437
189,6747
189,14548
189,3776
189,14141
189,11714
189,15502
189,3487
189,12948
189,11453
189,12740
189,14150
189,17076
189,9129
189,10348
189,14969
189,12952
189,4784
189,8826
189,14530
189,8835
189,9445
189,15212
189,14971
189,14304
189,13462
189,7446
189,11886
189,9690
189,12368
189,11899
189,9705
189,15507
189,13800
189,13457
189,7812
189,14724
189,15211
189,10905
189,10042
189,12378
189,14134
189,11306
189,15218
189,4787
189,3650
189,706
189,15208
189,12949
189,9455
189,12116
189,13625
189,15227
189,12364
189,13242
189,16933
189,14736
189,9837
189,9718
189,13477
189,9691
189,9451
189,11291
189,7794
189,14531
189,7853
189,8828
189,13259
189,13610
189,8836
189,12100
189,9118
189,10913
189,3660
189,6460
189,15495
189,11134
189,13630
189,11468
189,8531
189,14308
189,14301
189,9293
189,17075
189,15501
189,11128
189,14303
189,11461
189,9833
189,14988
189,14312
189,14307
189,7875
189,13071
189,8694
189,14302
189,1769
189,7450
189,15331
189,10909
189,9301
189,14147
189,8832
189,11720
189,15221
189,9448
189,9841
189,10918
189,12940
189,14553
189,6732
189,11897
189,13612
189,11891
189,8511
189,13471
189,12387
189,8269
189,12089
189,3430
189,7088
189,10039
189,10646
189,13068
189,3435
189,14151
189,14989
189,7796
189,14541
189,7814
189,13061
189,8521
189,7798
189,12954
189,14140
189,9439
189,8267
189,9291
189,3642
189,4770
189,13256
189,7793
189,13065
189,7780
189,3639
189,6738
189,10054
189,10651
189,9834
189,7801
189,12717
189,12376
189,11462
189,12957
189,14300
189,8007
189,13617
189,13631
189,11451
189,8517
189,11124
189,16939
189,15322
189,8274
189,13796
189,15209
189,13469
189,13781
189,12947
189,7471
189,10332
189,3658
189,14716
189,12942
189,9453
189,12955
189,7810
189,13255
189,8023
189,15334
189,11125
189,11712
189,11893
189,12720
189,15504
189,3444
189,9447
189,14533
189,9130
189,9839
189,10892
189,11901
189,9124
189,15328
189,11129
189,3640
189,4199
189,13801
189,12394
189,13246
189,16929
189,8015
189,7468
189,14540
189,10662
189,13807
189,15324
189,14135
189,12725
189,13461
189,14546
189,13805
189,11123
189,9695
189,9292
189,13789
189,11298
189,11457
189,11716
189,16924
189,8277
189,10656
189,9449
189,8515
189,10907
189,4762
189,9298
189,10911
189,8028
189,11292
189,8529
189,11119
189,9454
189,10313
189,14306
189,7482
189,14735
189,15332
189,14564
189,15326
189,10920
189,10919
189,8255
189,13798
189,10336
189,12723
189,12390
189,11892
189,14310
189,11894
189,10664
189,11301
189,9265
189,10052
189,14535
189,13626
189,6734
189,12941
189,6736
189,12943
189,7477
189,7800
189,10044
189,10319
189,10324
189,10648
189,15330
189,7797
189,12083
189,15336
189,15490
189,4782
189,15329
189,5580
189,4774
189,7990
189,9123
189,7475
189,13249
189,14720
189,14551
189,14718
189,12944
189,3362
189,9290
189,14973
189,10642
189,10652
189,14725
189,11719
189,9693
189,11133
189,14305
189,4193
